# Alias OBJ Model File
# Exported from SketchUp, (c) 2000-2012 Trimble Navigation Limited
# File units = millimeters

mtllib lowline.mtl

g Mesh1 Group4 Group3 Group2 Group1 Model

usemtl Color_A06
v 21467 21468.4 15933.7
vt 3436.94 421.779
vn 0.525038 -0.851046 -0.00749314
v 21468.6 21469.4 15933.2
vt 3437.01 421.759
v 21469.4 21469.9 15933.2
vt 3437.05 421.759
v 21470.2 21470.4 15933.2
vt 3437.09 421.759
v 21471.8 21471.4 15933.7
vt 3437.17 421.779
v 21473.3 21472.3 15934.7
vt 3437.23 421.817
v 21474.5 21473 15936.1
vt 3437.29 421.872
v 21475.3 21473.5 15937.8
vt 3437.33 421.939
v 21475.8 21473.7 15939.7
vt 3437.35 422.013
v 21475.8 21473.7 15941.6
vt 3437.35 422.09
v 21475.3 21473.5 15943.5
vt 3437.33 422.165
v 21474.5 21472.9 15945.2
vt 3437.29 422.231
v 21473.3 21472.2 15946.6
vt 3437.23 422.286
v 21471.9 21471.3 15947.6
vt 3437.17 422.324
v 21470.3 21470.3 15948.1
vt 3437.09 422.344
v 21469.5 21469.8 15948.1
vt 3437.05 422.344
v 21468.6 21469.3 15948.1
vt 3437.01 422.344
v 21467 21468.3 15947.6
vt 3436.94 422.324
v 21465.6 21467.4 15946.6
vt 3436.87 422.286
v 21464.4 21466.7 15945.2
vt 3436.82 422.231
v 21463.5 21466.2 15943.5
vt 3436.78 422.165
v 21463.1 21465.9 15941.6
vt 3436.76 422.09
v 21463.1 21465.9 15939.7
vt 3436.76 422.013
v 21463.5 21466.2 15937.8
vt 3436.78 421.939
v 21464.3 21466.7 15936.1
vt 3436.82 421.872
v 21465.5 21467.5 15934.7
vt 3436.87 421.817
f 1/1/1 2/2/1 3/3/1 4/4/1 5/5/1 6/6/1 7/7/1 8/8/1 9/9/1 10/10/1 11/11/1 12/12/1 13/13/1 14/14/1 15/15/1 16/16/1 17/17/1 18/18/1 19/19/1 20/20/1 21/21/1 22/22/1 23/23/1 24/24/1 25/25/1 26/26/1 

vt 1267.6 -3248.79
vn -0.114988 -0.0622105 -0.991417
vt 1267.6 -3248.71
vn -0.329325 -0.195037 -0.923854
v -13009.5 77352.1 16425.7
vt -1316.54 -3173.89
v -13007.9 77353.1 16425.2
vt -1316.55 -3173.97
f 2/27/2 1/28/3 27/29/3 28/30/2 

vt 1319.49 -2785.67
vt 1319.49 -2785.6
vn -0.52122 -0.314572 -0.793331
v -13011 77351.2 16426.7
vt -1265.44 -2746.86
vt -1265.44 -2746.93
f 1/31/3 26/32/4 29/33/4 27/34/3 

vt 1338.42 -2146.27
vt 1338.42 -2146.19
vn -0.677594 -0.41267 -0.608744
v -13012.1 77350.5 16428.1
vt -1246.66 -2118.8
vt -1246.66 -2118.88
f 26/35/4 25/36/5 30/37/5 29/38/4 

vt 1349.33 -1364.78
vt 1349.33 -1364.71
vn -0.787792 -0.482645 -0.382673
v -13013 77350 16429.8
vt -1235.8 -1342.34
vt -1235.8 -1342.42
f 25/39/5 24/40/6 31/41/6 30/42/5 

vt 1357.31 -492.487
vt 1357.31 -492.41
vn -0.844302 -0.519728 -0.130523
v -13013.4 77349.7 16431.7
vt -1227.84 -472.355
vt -1227.84 -472.432
f 24/43/6 23/44/7 32/45/7 31/46/6 

vt 1364.21 411.802
vt 1364.21 411.879
vn -0.843275 -0.521393 0.130523
v -13013.4 77349.7 16433.6
vt -1220.94 431.251
vt -1220.94 431.174
f 23/47/7 22/48/8 33/49/8 32/50/7 

vt 1371.11 1286.61
vt 1371.11 1286.69
vn -0.78478 -0.487526 0.382673
v -13012.9 77349.9 16435.5
vt -1214.04 1306.74
vt -1214.04 1306.66
f 22/51/8 21/52/9 34/53/9 33/54/8 

vt 1379.07 2072.14
vt 1379.07 2072.22
vn -0.672804 -0.420434 0.608744
v -13012.1 77350.4 16437.2
vt -1206.06 2094.59
vt -1206.06 2094.51
f 21/55/9 20/56/10 35/57/10 34/58/9 

vt 1389.93 2714.18
vt 1389.93 2714.26
vn -0.514977 -0.324691 0.793331
v -13010.9 77351.1 16438.6
vt -1195.15 2741.66
vt -1195.15 2741.58
f 20/59/10 19/60/11 36/61/11 35/62/10 

vt 1408.7 3166.81
vt 1408.7 3166.89
vn -0.322055 -0.206821 0.923854
v -13009.5 77352 16439.6
vt -1176.23 3205.63
vt -1176.24 3205.55
f 19/63/11 18/64/12 37/65/12 36/66/11 

vt 1459.76 3388.31
vt 1459.76 3388.39
vn -0.107186 -0.0748557 0.991417
v -13007.9 77353 16440.1
vt -1124.38 3463.2
vt -1124.39 3463.13
f 18/67/12 17/68/13 38/69/13 37/70/12 

vt 3437.05 -1361.09
vn 0.00393429 -0.00637719 0.999972
vt 3437.09 -1361.09
vn 0.114988 0.0622105 0.991417
v -13006.2 77354 16440.1
vt 3437.09 1224.14
v -13007 77353.5 16440.1
vt 3437.05 1224.14
vt 3437.01 1224.14
vt 3437.01 -1361.09
f 16/71/14 15/72/15 39/73/15 40/74/14 38/75/13 17/76/13 

vt -1267.6 -3248.71
vt -1267.6 -3248.79
vn 0.329325 0.195037 0.923854
v -13004.6 77355 16439.6
vt 1316.55 -3173.97
vt 1316.54 -3173.89
f 15/77/15 14/78/16 41/79/16 39/80/15 

vt -1319.49 -2785.6
vt -1319.49 -2785.67
vn 0.52122 0.314572 0.793331
v -13003.2 77355.9 16438.6
vt 1265.44 -2746.93
vt 1265.44 -2746.86
f 14/81/16 13/82/17 42/83/17 41/84/16 

vt -1338.42 -2146.19
vt -1338.42 -2146.27
vn 0.677594 0.41267 0.608744
v -13002 77356.7 16437.2
vt 1246.66 -2118.88
vt 1246.66 -2118.8
f 13/85/17 12/86/18 43/87/18 42/88/17 

vt -1349.33 -1364.71
vt -1349.33 -1364.78
vn 0.787792 0.482645 0.382673
v -13001.2 77357.2 16435.5
vt 1235.8 -1342.42
vt 1235.8 -1342.34
f 12/89/18 11/90/19 44/91/19 43/92/18 

vt -1357.31 -492.41
vt -1357.31 -492.487
vn 0.844302 0.519728 0.130523
v -13000.7 77357.5 16433.6
vt 1227.84 -472.432
vt 1227.84 -472.355
f 11/93/19 10/94/20 45/95/20 44/96/19 

vt -1364.21 411.879
vt -1364.21 411.802
vn 0.843275 0.521393 -0.130523
v -13000.7 77357.5 16431.7
vt 1220.94 431.174
vt 1220.94 431.251
f 10/97/20 9/98/21 46/99/21 45/100/20 

vt -1371.11 1286.69
vt -1371.11 1286.61
vn 0.78478 0.487526 -0.382673
v -13001.2 77357.2 16429.8
vt 1214.04 1306.66
vt 1214.04 1306.74
f 9/101/21 8/102/22 47/103/22 46/104/21 

vt -1379.07 2072.22
vt -1379.07 2072.14
vn 0.672804 0.420434 -0.608744
v -13002 77356.7 16428.1
vt 1206.06 2094.51
vt 1206.06 2094.59
f 8/105/22 7/106/23 48/107/23 47/108/22 

vt -1389.93 2714.26
vt -1389.93 2714.18
vn 0.514977 0.324691 -0.793331
v -13003.2 77356 16426.7
vt 1195.15 2741.58
vt 1195.15 2741.66
f 7/109/23 6/110/24 49/111/24 48/112/23 

vt -1408.7 3166.89
vt -1408.7 3166.81
vn 0.322055 0.206821 -0.923854
v -13004.6 77355.1 16425.7
vt 1176.24 3205.55
vt 1176.23 3205.63
f 6/113/24 5/114/25 50/115/25 49/116/24 

vt -1459.76 3388.39
vt -1459.76 3388.31
vn 0.107186 0.0748557 -0.991417
v -13006.3 77354.1 16425.2
vt 1124.39 3463.13
vt 1124.39 3463.2
f 5/117/25 4/118/26 51/119/26 50/120/25 

vt -3437.05 -1361.09
vn -0.00393429 0.00637719 -0.999972
vt -3437.01 -1361.09
vt -3437.01 1224.14
v -13007.1 77353.6 16425.2
vt -3437.05 1224.14
vt -3437.09 1224.14
vt -3437.09 -1361.09
f 3/121/27 2/122/2 28/123/2 52/124/27 51/125/26 4/126/26 

vt -3437.17 421.779
vn -0.525038 0.851046 0.00749314
vt -3437.09 421.759
vt -3437.05 421.759
vt -3437.01 421.759
vt -3436.94 421.779
vt -3436.87 421.817
vt -3436.82 421.872
vt -3436.78 421.939
vt -3436.76 422.013
vt -3436.76 422.09
vt -3436.78 422.165
vt -3436.82 422.231
vt -3436.87 422.286
vt -3436.94 422.324
vt -3437.01 422.344
vt -3437.05 422.344
vt -3437.09 422.344
vt -3437.17 422.324
vt -3437.23 422.286
vt -3437.29 422.231
vt -3437.33 422.165
vt -3437.35 422.09
vt -3437.35 422.013
vt -3437.33 421.939
vt -3437.29 421.872
vt -3437.23 421.817
f 50/127/28 51/128/28 52/129/28 28/130/28 27/131/28 29/132/28 30/133/28 31/134/28 32/135/28 33/136/28 34/137/28 35/138/28 36/139/28 37/140/28 38/141/28 40/142/28 39/143/28 41/144/28 42/145/28 43/146/28 44/147/28 45/148/28 46/149/28 47/150/28 48/151/28 49/152/28 

g Mesh2 Group5 Group3 Group2 Group1 Model

v 21537.4 21473.9 14518.7
vt 3438.12 365.949
vn 0.525842 -0.85055 -0.00737837
v 21539 21474.9 14518.2
vt 3438.2 365.929
v 21539.8 21475.4 14518.2
vt 3438.23 365.929
v 21540.6 21476 14518.2
vt 3438.27 365.929
v 21542.2 21477 14518.7
vt 3438.35 365.949
v 21543.7 21477.8 14519.7
vt 3438.41 365.988
v 21544.9 21478.6 14521.1
vt 3438.47 366.042
v 21545.7 21479.1 14522.8
vt 3438.51 366.109
v 21546.1 21479.3 14524.7
vt 3438.53 366.183
v 21546.2 21479.3 14526.6
vt 3438.53 366.26
v 21545.7 21479 14528.5
vt 3438.51 366.335
v 21544.9 21478.5 14530.2
vt 3438.47 366.402
v 21543.7 21477.8 14531.6
vt 3438.41 366.456
v 21542.3 21476.9 14532.6
vt 3438.35 366.495
v 21540.7 21475.9 14533.1
vt 3438.27 366.515
v 21539.9 21475.4 14533.1
vt 3438.23 366.515
v 21539 21474.8 14533.1
vt 3438.2 366.515
v 21537.4 21473.8 14532.6
vt 3438.12 366.495
v 21536 21473 14531.6
vt 3438.05 366.456
v 21534.8 21472.2 14530.2
vt 3438 366.402
v 21533.9 21471.7 14528.5
vt 3437.96 366.335
v 21533.5 21471.5 14526.6
vt 3437.94 366.26
v 21533.5 21471.5 14524.7
vt 3437.94 366.183
v 21533.9 21471.8 14522.8
vt 3437.96 366.109
v 21534.7 21472.3 14521.1
vt 3438 366.042
v 21535.9 21473 14519.7
vt 3438.05 365.988
f 53/153/29 54/154/29 55/155/29 56/156/29 57/157/29 58/158/29 59/159/29 60/160/29 61/161/29 62/162/29 63/163/29 64/164/29 65/165/29 66/166/29 67/167/29 68/168/29 69/169/29 70/170/29 71/171/29 72/172/29 73/173/29 74/174/29 75/175/29 76/176/29 77/177/29 78/178/29 

vt 1273.57 -3263.95
vn -0.114869 -0.0624159 -0.991418
vt 1273.57 -3263.87
vn -0.329085 -0.195439 -0.923854
v -13003.5 77343.7 15003.4
vt -1311.46 -3190.18
v -13001.8 77344.7 15002.9
vt -1311.47 -3190.26
f 54/179/30 53/180/31 79/181/31 80/182/30 

vt 1324.68 -2814.38
vt 1324.68 -2814.3
vn -0.520874 -0.315142 -0.793332
v -13004.9 77342.8 15004.3
vt -1261.12 -2776.14
vt -1261.12 -2776.22
f 53/183/31 78/184/32 81/185/32 79/186/31 

vt 1343.33 -2186.42
vt 1343.33 -2186.34
vn -0.677167 -0.41337 -0.608745
v -13006.1 77342 15005.7
vt -1242.62 -2159.35
vt -1242.62 -2159.43
f 78/187/32 77/188/33 82/189/33 81/190/32 

vt 1354.07 -1413.59
vt 1354.07 -1413.51
vn -0.787312 -0.483427 -0.382673
v -13006.9 77341.5 15007.4
vt -1231.92 -1391.48
vt -1231.92 -1391.55
f 77/191/33 76/192/34 83/193/34 82/194/33 

vt 1361.93 -546.595
vt 1361.93 -546.518
vn -0.843803 -0.520539 -0.130523
v -13007.3 77341.2 15009.3
vt -1224.08 -526.764
vt -1224.08 -526.841
f 76/195/34 75/196/35 84/197/35 83/198/34 

vt 1368.73 356.094
vt 1368.73 356.171
vn -0.84279 -0.522177 0.130523
v -13007.3 77341.2 15011.3
vt -1217.28 375.252
vt -1217.29 375.175
f 75/199/35 74/200/36 85/201/36 84/202/35 

vt 1375.53 1233.11
vt 1375.53 1233.19
vn -0.784342 -0.48823 0.382673
v -13006.9 77341.5 15013.2
vt -1210.48 1252.95
vt -1210.49 1252.87
f 74/203/36 73/204/37 86/205/37 85/206/36 

vt 1383.37 2024.52
vt 1383.37 2024.6
vn -0.672443 -0.421011 0.608745
v -13006 77342 15014.9
vt -1202.63 2046.63
vt -1202.63 2046.56
f 73/207/37 72/208/38 87/209/38 86/210/37 

vt 1394.06 2675.72
vt 1394.06 2675.8
vn -0.514718 -0.3251 0.793332
v -13004.8 77342.7 15016.2
vt -1191.88 2702.78
vt -1191.88 2702.7
f 72/211/38 71/212/39 88/213/39 87/214/38 

vt 1412.56 3140.17
vt 1412.56 3140.25
vn -0.321916 -0.207035 0.923854
v -13003.4 77343.6 15017.2
vt -1173.25 3178.41
vt -1173.25 3178.33
f 71/215/39 70/216/40 89/217/40 88/218/39 

vt 1462.85 3375.51
vt 1462.86 3375.59
vn -0.107175 -0.0748602 0.991418
v -13001.8 77344.6 15017.7
vt -1122.18 3449.28
vt -1122.18 3449.21
f 70/219/40 69/220/41 90/221/41 89/222/40 

vt 3438.24 -1366.07
vn 0.00387996 -0.00627584 0.999973
vt 3438.27 -1366.07
vn 0.114869 0.0624159 0.991418
v -13000.1 77345.6 15017.7
vt 3438.27 1220.02
v -13001 77345.1 15017.7
vt 3438.23 1220.02
vt 3438.2 1220.02
vt 3438.2 -1366.07
f 68/223/42 67/224/43 91/225/43 92/226/42 90/227/41 69/228/41 

vt -1273.57 -3263.87
vt -1273.57 -3263.95
vn 0.329085 0.195439 0.923854
v -12998.5 77346.6 15017.2
vt 1311.47 -3190.26
vt 1311.46 -3190.18
f 67/229/43 66/230/44 93/231/44 91/232/43 

vt -1324.68 -2814.3
vt -1324.68 -2814.38
vn 0.520874 0.315142 0.793332
v -12997.1 77347.5 15016.2
vt 1261.12 -2776.22
vt 1261.12 -2776.14
f 66/233/44 65/234/45 94/235/45 93/236/44 

vt -1343.33 -2186.34
vt -1343.33 -2186.42
vn 0.677167 0.41337 0.608745
v -12995.9 77348.2 15014.9
vt 1242.62 -2159.43
vt 1242.62 -2159.35
f 65/237/45 64/238/46 95/239/46 94/240/45 

vt -1354.07 -1413.51
vt -1354.07 -1413.59
vn 0.787312 0.483427 0.382673
v -12995.1 77348.8 15013.2
vt 1231.92 -1391.55
vt 1231.92 -1391.48
f 64/241/46 63/242/47 96/243/47 95/244/46 

vt -1361.93 -546.518
vt -1361.93 -546.595
vn 0.843803 0.520539 0.130523
v -12994.7 77349.1 15011.3
vt 1224.08 -526.841
vt 1224.08 -526.764
f 63/245/47 62/246/48 97/247/48 96/248/47 

vt -1368.73 356.171
vt -1368.73 356.094
vn 0.84279 0.522177 -0.130523
v -12994.7 77349.1 15009.3
vt 1217.29 375.175
vt 1217.28 375.252
f 62/249/48 61/250/49 98/251/49 97/252/48 

vt -1375.53 1233.19
vt -1375.53 1233.11
vn 0.784342 0.48823 -0.382673
v -12995.1 77348.8 15007.4
vt 1210.49 1252.87
vt 1210.48 1252.95
f 61/253/49 60/254/50 99/255/50 98/256/49 

vt -1383.37 2024.6
vt -1383.37 2024.52
vn 0.672443 0.421011 -0.608745
v -12995.9 77348.3 15005.7
vt 1202.63 2046.56
vt 1202.63 2046.63
f 60/257/50 59/258/51 100/259/51 99/260/50 

vt -1394.06 2675.8
vt -1394.06 2675.72
vn 0.514718 0.3251 -0.793332
v -12997.1 77347.6 15004.3
vt 1191.88 2702.7
vt 1191.88 2702.78
f 59/261/51 58/262/52 101/263/52 100/264/51 

vt -1412.56 3140.25
vt -1412.56 3140.17
vn 0.321916 0.207035 -0.923854
v -12998.6 77346.7 15003.4
vt 1173.25 3178.33
vt 1173.25 3178.41
f 58/265/52 57/266/53 102/267/53 101/268/52 

vt -1462.86 3375.59
vt -1462.85 3375.51
vn 0.107175 0.0748602 -0.991418
v -13000.2 77345.7 15002.9
vt 1122.18 3449.21
vt 1122.18 3449.28
f 57/269/53 56/270/54 103/271/54 102/272/53 

vt -3438.24 -1366.07
vn -0.00387996 0.00627584 -0.999973
vt -3438.2 -1366.07
vt -3438.2 1220.02
v -13001 77345.2 15002.9
vt -3438.23 1220.02
vt -3438.27 1220.02
vt -3438.27 -1366.07
f 55/273/55 54/274/30 80/275/30 104/276/55 103/277/54 56/278/54 

vt -3438.35 365.949
vn -0.525842 0.85055 0.00737837
vt -3438.27 365.929
vt -3438.23 365.929
vt -3438.2 365.929
vt -3438.12 365.949
vt -3438.05 365.988
vt -3438 366.042
vt -3437.96 366.109
vt -3437.94 366.183
vt -3437.94 366.26
vt -3437.96 366.335
vt -3438 366.402
vt -3438.05 366.456
vt -3438.12 366.495
vt -3438.2 366.515
vt -3438.23 366.515
vt -3438.27 366.515
vt -3438.35 366.495
vt -3438.41 366.456
vt -3438.47 366.402
vt -3438.51 366.335
vt -3438.53 366.26
vt -3438.53 366.183
vt -3438.51 366.109
vt -3438.47 366.042
vt -3438.41 365.988
f 102/279/56 103/280/56 104/281/56 80/282/56 79/283/56 81/284/56 82/285/56 83/286/56 84/287/56 85/288/56 86/289/56 87/290/56 88/291/56 89/292/56 90/293/56 92/294/56 91/295/56 93/296/56 94/297/56 95/298/56 96/299/56 97/300/56 98/301/56 99/302/56 100/303/56 101/304/56 

g Mesh3 Group6 Group3 Group2 Group1 Model

v -15303.7 77355.1 16425.7
vt -3359.82 421.415
vn -0.52483 0.851174 0.00749427
v -15305.3 77354.1 16425.2
vt -3359.75 421.395
v -15306.1 77353.6 16425.2
vt -3359.71 421.395
v -15307 77353.1 16425.2
vt -3359.67 421.395
v -15308.6 77352.1 16425.7
vt -3359.6 421.415
v -15310 77351.2 16426.7
vt -3359.53 421.454
v -15311.2 77350.5 16428.1
vt -3359.47 421.508
v -15312 77350 16429.8
vt -3359.44 421.575
v -15312.4 77349.7 16431.7
vt -3359.42 421.649
v -15312.4 77349.7 16433.6
vt -3359.42 421.726
v -15312 77349.9 16435.5
vt -3359.44 421.801
v -15311.2 77350.4 16437.2
vt -3359.47 421.868
v -15310 77351.1 16438.6
vt -3359.53 421.922
v -15308.5 77352 16439.6
vt -3359.6 421.961
v -15306.9 77353 16440.1
vt -3359.67 421.981
v -15306.1 77353.5 16440.1
vt -3359.71 421.981
v -15305.3 77354 16440.1
vt -3359.75 421.981
v -15303.6 77355 16439.6
vt -3359.82 421.961
v -15302.2 77355.9 16438.6
vt -3359.89 421.922
v -15301 77356.7 16437.2
vt -3359.94 421.868
v -15300.2 77357.2 16435.5
vt -3359.98 421.801
v -15299.8 77357.5 16433.6
vt -3360 421.726
v -15299.8 77357.5 16431.7
vt -3360 421.649
v -15300.2 77357.2 16429.8
vt -3359.98 421.575
v -15301.1 77356.7 16428.1
vt -3359.94 421.508
v -15302.3 77356 16426.7
vt -3359.89 421.454
f 105/305/57 106/306/57 107/307/57 108/308/57 109/309/57 110/310/57 111/311/57 112/312/57 113/313/57 114/314/57 115/315/57 116/316/57 117/317/57 118/318/57 119/319/57 120/320/57 121/321/57 122/322/57 123/323/57 124/324/57 125/325/57 126/326/57 127/327/57 128/328/57 129/329/57 130/330/57 

vt 1174.86 3389.76
vn 0.107204 0.0748305 -0.991417
vt 1174.86 3389.84
vn 0.322106 0.206743 -0.923854
v 19150.5 21477 15933.8
vt -1408.64 3315.03
v 19148.9 21476 15933.2
vt -1408.63 3314.95
f 106/331/58 105/332/59 131/333/59 132/334/58 

vt 1225.58 3139.12
vt 1225.57 3139.2
vn 0.515056 0.324566 -0.793331
v 19151.9 21477.8 15934.7
vt -1358.72 3100.46
vt -1358.71 3100.38
f 105/335/59 130/336/60 133/337/60 131/338/59 

vt 1244.08 2687.15
vt 1244.07 2687.23
vn 0.672906 0.42027 -0.608744
v 19153.1 21478.6 15936.1
vt -1340.36 2659.83
vt -1340.36 2659.76
f 130/339/60 129/340/61 134/341/61 133/342/60 

vt 1254.74 2055.94
vt 1254.74 2056.02
vn 0.784899 0.487334 -0.382673
v 19154 21479.1 15937.8
vt -1329.74 2033.65
vt -1329.74 2033.58
f 129/343/61 128/344/62 135/345/62 134/346/61 

vt 1262.54 1286.67
vt 1262.54 1286.75
vn 0.843403 0.521187 -0.130523
v 19154.4 21479.3 15939.7
vt -1321.96 1266.7
vt -1321.96 1266.62
f 128/347/62 127/348/63 136/349/63 135/350/62 

vt 1269.29 431.174
vt 1269.29 431.251
vn 0.844429 0.519522 0.130523
v 19154.4 21479.3 15941.7
vt -1315.22 411.881
vt -1315.22 411.804
f 127/351/63 126/352/64 137/353/64 136/354/63 

vt 1276.03 -452.389
vt 1276.03 -452.312
vn 0.78791 0.482452 0.382673
v 19154 21479 15943.6
vt -1308.47 -472.365
vt -1308.47 -472.442
f 126/355/64 125/356/65 138/357/65 137/358/64 

vt 1283.81 -1303.64
vt 1283.81 -1303.56
vn 0.677695 0.412504 0.608744
v 19153.2 21478.5 15945.2
vt -1300.67 -1325.93
vt -1300.67 -1326.01
f 125/359/65 124/360/66 139/361/66 138/362/65 

vt 1294.43 -2063.93
vt 1294.43 -2063.85
vn 0.521297 0.314444 0.793331
v 19152 21477.8 15946.6
vt -1290 -2091.25
vt -1290 -2091.32
f 124/363/66 123/364/67 140/365/67 139/366/66 

vt 1312.79 -2679.41
vt 1312.79 -2679.34
vn 0.329373 0.194956 0.923854
v 19150.5 21476.9 15947.6
vt -1271.5 -2718.07
vt -1271.5 -2718.15
f 123/367/67 122/368/68 141/369/68 140/370/67 

vt 1362.72 -3097.98
vt 1362.72 -3097.91
vn 0.115003 0.0621814 0.991417
v 19148.9 21475.9 15948.1
vt -1220.78 -3172.71
vt -1220.77 -3172.79
f 122/371/68 121/372/69 142/373/69 141/374/68 

vt 3359.71 1272.48
vn 0.00393333 -0.00637911 0.999972
vt 3359.67 1272.48
vn -0.107204 -0.0748305 0.991417
v 19147.3 21474.8 15948.1
vt 3359.67 -1312.1
v 19148.1 21475.4 15948.1
vt 3359.71 -1312.1
vt 3359.75 -1312.1
vt 3359.75 1272.48
f 120/375/70 119/376/71 143/377/71 144/378/70 142/379/69 121/380/69 

vt -1174.86 3389.84
vt -1174.86 3389.76
vn -0.322106 -0.206743 0.923854
v 19145.7 21473.9 15947.6
vt 1408.63 3314.95
vt 1408.64 3315.03
f 119/381/71 118/382/72 145/383/72 143/384/71 

vt -1225.57 3139.2
vt -1225.58 3139.12
vn -0.515056 -0.324566 0.793331
v 19144.2 21473 15946.6
vt 1358.71 3100.38
vt 1358.72 3100.46
f 118/385/72 117/386/73 146/387/73 145/388/72 

vt -1244.07 2687.23
vt -1244.08 2687.15
vn -0.672906 -0.42027 0.608744
v 19143 21472.2 15945.2
vt 1340.36 2659.76
vt 1340.36 2659.83
f 117/389/73 116/390/74 147/391/74 146/392/73 

vt -1254.74 2056.02
vt -1254.74 2055.94
vn -0.784899 -0.487334 0.382673
v 19142.2 21471.7 15943.6
vt 1329.74 2033.58
vt 1329.74 2033.65
f 116/393/74 115/394/75 148/395/75 147/396/74 

vt -1262.54 1286.75
vt -1262.54 1286.67
vn -0.843403 -0.521187 0.130523
v 19141.8 21471.5 15941.7
vt 1321.96 1266.62
vt 1321.96 1266.7
f 115/397/75 114/398/76 149/399/76 148/400/75 

vt -1269.29 431.251
vt -1269.29 431.174
vn -0.84443 -0.519522 -0.130523
v 19141.7 21471.5 15939.7
vt 1315.22 411.804
vt 1315.22 411.881
f 114/401/76 113/402/77 150/403/77 149/404/76 

vt -1276.03 -452.312
vt -1276.03 -452.389
vn -0.78791 -0.482452 -0.382673
v 19142.2 21471.8 15937.8
vt 1308.47 -472.442
vt 1308.47 -472.365
f 113/405/77 112/406/78 151/407/78 150/408/77 

vt -1283.81 -1303.56
vt -1283.81 -1303.64
vn -0.677695 -0.412504 -0.608744
v 19143 21472.3 15936.1
vt 1300.67 -1326.01
vt 1300.67 -1325.93
f 112/409/78 111/410/79 152/411/79 151/412/78 

vt -1294.43 -2063.85
vt -1294.43 -2063.93
vn -0.521297 -0.314444 -0.793331
v 19144.2 21473 15934.7
vt 1290 -2091.32
vt 1290 -2091.25
f 111/413/79 110/414/80 153/415/80 152/416/79 

vt -1312.79 -2679.34
vt -1312.79 -2679.41
vn -0.329373 -0.194956 -0.923854
v 19145.6 21473.9 15933.8
vt 1271.5 -2718.15
vt 1271.5 -2718.07
f 110/417/80 109/418/81 154/419/81 153/420/80 

vt -1362.72 -3097.91
vt -1362.72 -3097.98
vn -0.115003 -0.0621814 -0.991417
v 19147.2 21474.9 15933.2
vt 1220.77 -3172.79
vt 1220.78 -3172.71
f 109/421/81 108/422/82 155/423/82 154/424/81 

vt -3359.71 1272.48
vn -0.00393333 0.00637911 -0.999972
vt -3359.75 1272.48
vt -3359.75 -1312.1
v 19148 21475.4 15933.2
vt -3359.71 -1312.1
vt -3359.67 -1312.1
vt -3359.67 1272.48
f 107/425/83 106/426/58 132/427/58 156/428/83 155/429/82 108/430/82 

vt 3359.6 421.415
vn 0.52483 -0.851174 -0.00749427
vt 3359.67 421.395
vt 3359.71 421.395
vt 3359.75 421.395
vt 3359.82 421.415
vt 3359.89 421.454
vt 3359.94 421.508
vt 3359.98 421.575
vt 3360 421.649
vt 3360 421.726
vt 3359.98 421.801
vt 3359.94 421.868
vt 3359.89 421.922
vt 3359.82 421.961
vt 3359.75 421.981
vt 3359.71 421.981
vt 3359.67 421.981
vt 3359.6 421.961
vt 3359.53 421.922
vt 3359.47 421.868
vt 3359.44 421.801
vt 3359.42 421.726
vt 3359.42 421.649
vt 3359.44 421.575
vt 3359.47 421.508
vt 3359.53 421.454
f 154/431/84 155/432/84 156/433/84 132/434/84 131/435/84 133/436/84 134/437/84 135/438/84 136/439/84 137/440/84 138/441/84 139/442/84 140/443/84 141/444/84 142/445/84 144/446/84 143/447/84 145/448/84 146/449/84 147/450/84 148/451/84 149/452/84 150/453/84 151/454/84 152/455/84 153/456/84 

g Mesh4 Group7 Group3 Group2 Group1 Model

v 21499.2 20727 15933.7
vt -3454.69 411.568
vn 0.193665 0.981068 -2.27446e-12
v 21497.3 20727.4 15933.2
vt -3454.61 411.548
v 21496.3 20727.5 15933.2
vt -3454.57 411.548
v 21495.4 20727.7 15933.2
vt -3454.53 411.548
v 21493.5 20728.1 15933.7
vt -3454.46 411.568
v 21491.9 20728.4 15934.7
vt -3454.39 411.607
v 21490.5 20728.7 15936.1
vt -3454.34 411.661
v 21489.5 20728.9 15937.8
vt -3454.3 411.728
v 21489.1 20729 15939.7
vt -3454.28 411.802
v 21489.1 20729 15941.6
vt -3454.28 411.879
v 21489.5 20728.9 15943.5
vt -3454.3 411.954
v 21490.5 20728.7 15945.2
vt -3454.34 412.021
v 21491.9 20728.4 15946.6
vt -3454.39 412.075
v 21493.5 20728.1 15947.6
vt -3454.46 412.114
v 21495.4 20727.7 15948.1
vt -3454.53 412.134
v 21496.3 20727.5 15948.1
vt -3454.57 412.134
v 21497.3 20727.4 15948.1
vt -3454.61 412.134
v 21499.2 20727 15947.6
vt -3454.69 412.114
v 21500.8 20726.7 15946.6
vt -3454.75 412.075
v 21502.2 20726.4 15945.2
vt -3454.81 412.021
v 21503.1 20726.2 15943.5
vt -3454.85 411.954
v 21503.6 20726.1 15941.6
vt -3454.87 411.879
v 21503.6 20726.1 15939.7
vt -3454.87 411.802
v 21503.1 20726.2 15937.8
vt -3454.85 411.728
v 21502.2 20726.4 15936.1
vt -3454.81 411.661
v 21500.8 20726.7 15934.7
vt -3454.75 411.607
f 157/457/85 158/458/85 159/459/85 160/460/85 161/461/85 162/462/85 163/463/85 164/464/85 165/465/85 166/466/85 167/467/85 168/468/85 169/469/85 170/470/85 171/471/85 172/472/85 173/473/85 174/474/85 175/475/85 176/476/85 177/477/85 178/478/85 179/479/85 180/480/85 181/481/85 182/482/85 

vt 1308.17 3443.41
vn 0.128055 -0.0252784 -0.991445
vt 1308.17 3443.49
vn 0.375438 -0.0741124 -0.92388
v 10808.1 -33431.9 15933.7
vt -865.221 3443.49
v 10806.2 -33431.5 15933.2
vt -865.221 3443.41
f 158/483/86 157/484/87 183/485/87 184/486/86 

vt 1308.17 3197.63
vt 1308.17 3197.71
vn 0.597236 -0.117896 -0.793353
v 10809.7 -33432.2 15934.7
vt -865.221 3197.71
vt -865.221 3197.63
f 157/487/87 182/488/88 185/489/88 183/490/87 

vt 1308.17 2733.93
vt 1308.17 2734.01
vn 0.778333 -0.153645 -0.608761
v 10811.1 -33432.5 15936.1
vt -865.221 2734.01
vt -865.221 2733.93
f 182/491/88 181/492/89 186/493/89 185/494/88 

vt 1308.17 2083.91
vt 1308.17 2083.99
vn 0.906388 -0.178923 -0.382683
v 10812.1 -33432.7 15937.8
vt -865.221 2083.99
vt -865.221 2083.91
f 181/495/89 180/496/90 187/497/90 186/498/89 

vt 1308.17 1291.88
vt 1308.17 1291.96
vn 0.972675 -0.192008 -0.130526
v 10812.6 -33432.8 15939.7
vt -865.221 1291.96
vt -865.221 1291.88
f 180/499/90 179/500/91 188/501/91 187/502/90 

vt 1308.17 411.802
vt 1308.17 411.879
vn 0.972675 -0.192008 0.130526
v 10812.6 -33432.8 15941.6
vt -865.221 411.879
vt -865.221 411.802
f 179/503/91 178/504/92 189/505/92 188/506/91 

vt 1308.17 -496.34
vt 1308.17 -496.263
vn 0.906388 -0.178923 0.382683
v 10812.1 -33432.7 15943.5
vt -865.221 -496.263
vt -865.221 -496.34
f 178/507/92 177/508/93 190/509/93 189/510/92 

vt 1308.17 -1370.66
vt 1308.17 -1370.58
vn 0.778333 -0.153645 0.608761
v 10811.1 -33432.5 15945.2
vt -865.221 -1370.58
vt -865.221 -1370.66
f 177/511/93 176/512/94 191/513/94 190/514/93 

vt 1308.17 -2151.57
vt 1308.17 -2151.5
vn 0.597236 -0.117896 0.793353
v 10809.7 -33432.2 15946.6
vt -865.221 -2151.5
vt -865.221 -2151.57
f 176/515/94 175/516/95 192/517/95 191/518/94 

vt 1308.17 -2785.87
vt 1308.17 -2785.79
vn 0.375438 -0.0741124 0.92388
v 10808.1 -33431.9 15947.6
vt -865.221 -2785.79
vt -865.221 -2785.87
f 175/519/95 174/520/96 193/521/96 192/522/95 

vt 1308.17 -3230.31
vt 1308.17 -3230.23
vn 0.128055 -0.0252784 0.991445
v 10806.2 -33431.5 15948.1
vt -865.221 -3230.23
vt -865.221 -3230.31
f 174/523/96 173/524/97 194/525/97 193/526/96 

vt 3642.52 614.369
vn 1.76063e-09 -3.4536e-10 1
vt 3642.48 614.377
vn -0.128055 0.0252784 0.991445
v 10804.3 -33431.1 15948.1
vt 3221.57 -1517.86
v 10805.3 -33431.3 15948.1
vt 3221.61 -1517.87
vt 3221.64 -1517.88
vt 3642.55 614.362
f 172/527/98 171/528/99 195/529/99 196/530/98 194/531/97 173/532/97 

vt -1308.17 3443.49
vt -1308.17 3443.41
vn -0.375438 0.0741124 0.92388
v 10802.4 -33430.8 15947.6
vt 865.221 3443.41
vt 865.221 3443.49
f 171/533/99 170/534/100 197/535/100 195/536/99 

vt -1308.17 3197.71
vt -1308.17 3197.63
vn -0.597236 0.117896 0.793353
v 10800.8 -33430.4 15946.6
vt 865.221 3197.63
vt 865.221 3197.71
f 170/537/100 169/538/101 198/539/101 197/540/100 

vt -1308.17 2734.01
vt -1308.17 2733.93
vn -0.778333 0.153645 0.608761
v 10799.4 -33430.2 15945.2
vt 865.221 2733.93
vt 865.221 2734.01
f 169/541/101 168/542/102 199/543/102 198/544/101 

vt -1308.17 2083.99
vt -1308.17 2083.91
vn -0.906388 0.178923 0.382683
v 10798.5 -33430 15943.5
vt 865.221 2083.91
vt 865.221 2083.99
f 168/545/102 167/546/103 200/547/103 199/548/102 

vt -1308.17 1291.96
vt -1308.17 1291.88
vn -0.972675 0.192008 0.130526
v 10798 -33429.9 15941.6
vt 865.221 1291.88
vt 865.221 1291.96
f 167/549/103 166/550/104 201/551/104 200/552/103 

vt -1308.17 411.879
vt -1308.17 411.802
vn -0.972675 0.192008 -0.130526
v 10798 -33429.9 15939.7
vt 865.221 411.802
vt 865.221 411.879
f 166/553/104 165/554/105 202/555/105 201/556/104 

vt -1308.17 -496.263
vt -1308.17 -496.34
vn -0.906388 0.178923 -0.382683
v 10798.5 -33430 15937.8
vt 865.221 -496.34
vt 865.221 -496.263
f 165/557/105 164/558/106 203/559/106 202/560/105 

vt -1308.17 -1370.58
vt -1308.17 -1370.66
vn -0.778333 0.153645 -0.608761
v 10799.4 -33430.2 15936.1
vt 865.221 -1370.66
vt 865.221 -1370.58
f 164/561/106 163/562/107 204/563/107 203/564/106 

vt -1308.17 -2151.5
vt -1308.17 -2151.57
vn -0.597236 0.117896 -0.793353
v 10800.8 -33430.4 15934.7
vt 865.221 -2151.57
vt 865.221 -2151.5
f 163/565/107 162/566/108 205/567/108 204/568/107 

vt -1308.17 -2785.79
vt -1308.17 -2785.87
vn -0.375438 0.0741124 -0.92388
v 10802.4 -33430.8 15933.7
vt 865.221 -2785.87
vt 865.221 -2785.79
f 162/569/108 161/570/109 206/571/109 205/572/108 

vt -1308.17 -3230.23
vt -1308.17 -3230.31
vn -0.128055 0.0252784 -0.991445
v 10804.3 -33431.1 15933.2
vt 865.221 -3230.31
vt 865.221 -3230.23
f 161/573/109 160/574/110 207/575/110 206/576/109 

vt -3642.52 614.369
vn -1.74833e-09 3.42931e-10 -1
vt -3642.55 614.362
vt -3221.64 -1517.88
v 10805.3 -33431.3 15933.2
vt -3221.61 -1517.87
vt -3221.57 -1517.86
vt -3642.48 614.377
f 159/577/111 158/578/86 184/579/86 208/580/111 207/581/110 160/582/110 

vt 3454.46 411.568
vn -0.193665 -0.981068 2.87683e-12
vt 3454.53 411.548
vt 3454.57 411.548
vt 3454.61 411.548
vt 3454.69 411.568
vt 3454.75 411.607
vt 3454.81 411.661
vt 3454.85 411.728
vt 3454.87 411.802
vt 3454.87 411.879
vt 3454.85 411.954
vt 3454.81 412.021
vt 3454.75 412.075
vt 3454.69 412.114
vt 3454.61 412.134
vt 3454.57 412.134
vt 3454.53 412.134
vt 3454.46 412.114
vt 3454.39 412.075
vt 3454.34 412.021
vt 3454.3 411.954
vt 3454.28 411.879
vt 3454.28 411.802
vt 3454.3 411.728
vt 3454.34 411.661
vt 3454.39 411.607
f 206/583/112 207/584/112 208/585/112 184/586/112 183/587/112 185/588/112 186/589/112 187/590/112 188/591/112 189/592/112 190/593/112 191/594/112 192/595/112 193/596/112 194/597/112 196/598/112 195/599/112 197/600/112 198/601/112 199/602/112 200/603/112 201/604/112 202/605/112 203/606/112 204/607/112 205/608/112 

g Mesh5 Group8 Group3 Group2 Group1 Model

v 8484.52 -33430.8 15933.7
vt 3365.23 411.568
vn -0.193994 -0.981003 1.90257e-12
v 8486.38 -33431.1 15933.2
vt 3365.3 411.548
v 8487.34 -33431.3 15933.2
vt 3365.34 411.548
v 8488.3 -33431.5 15933.2
vt 3365.38 411.548
v 8490.15 -33431.9 15933.7
vt 3365.45 411.568
v 8491.81 -33432.2 15934.7
vt 3365.52 411.607
v 8493.17 -33432.5 15936.1
vt 3365.57 411.661
v 8494.13 -33432.7 15937.8
vt 3365.61 411.728
v 8494.63 -33432.8 15939.7
vt 3365.63 411.802
v 8494.63 -33432.8 15941.6
vt 3365.63 411.879
v 8494.13 -33432.7 15943.5
vt 3365.61 411.954
v 8493.17 -33432.5 15945.2
vt 3365.57 412.021
v 8491.81 -33432.2 15946.6
vt 3365.52 412.075
v 8490.15 -33431.9 15947.6
vt 3365.45 412.114
v 8488.3 -33431.5 15948.1
vt 3365.38 412.134
v 8487.34 -33431.3 15948.1
vt 3365.34 412.134
v 8486.38 -33431.1 15948.1
vt 3365.3 412.134
v 8484.52 -33430.8 15947.6
vt 3365.23 412.114
v 8482.86 -33430.4 15946.6
vt 3365.16 412.075
v 8481.5 -33430.2 15945.2
vt 3365.1 412.021
v 8480.54 -33430 15943.5
vt 3365.07 411.954
v 8480.04 -33429.9 15941.6
vt 3365.05 411.879
v 8480.04 -33429.9 15939.7
vt 3365.05 411.802
v 8480.54 -33430 15937.8
vt 3365.07 411.728
v 8481.5 -33430.2 15936.1
vt 3365.1 411.661
v 8482.86 -33430.4 15934.7
vt 3365.16 411.607
f 209/609/113 210/610/113 211/611/113 212/612/113 213/613/113 214/614/113 215/615/113 216/616/113 217/617/113 218/618/113 219/619/113 220/620/113 221/621/113 222/622/113 223/623/113 224/624/113 225/625/113 226/626/113 227/627/113 228/628/113 229/629/113 230/630/113 231/631/113 232/632/113 233/633/113 234/634/113 

vt 881.765 -3144.11
vn -0.128047 0.0253213 -0.991445
vt 881.765 -3144.04
vn -0.375413 0.0742383 -0.92388
v 19194.5 20728.1 15933.7
vt -1291.77 -3144.04
v 19196.3 20727.7 15933.2
vt -1291.77 -3144.11
f 210/635/114 209/636/115 235/637/115 236/638/114 

vt 881.765 -2708.59
vt 881.765 -2708.51
vn -0.597197 0.118096 -0.793353
v 19192.8 20728.4 15934.7
vt -1291.77 -2708.51
vt -1291.77 -2708.59
f 209/639/115 234/640/116 237/641/116 235/642/115 

vt 881.765 -2088.48
vt 881.765 -2088.4
vn -0.778282 0.153906 -0.608761
v 19191.5 20728.7 15936.1
vt -1291.77 -2088.4
vt -1291.77 -2088.48
f 234/643/116 233/644/117 238/645/117 237/646/116 

vt 881.765 -1326.04
vt 881.765 -1325.97
vn -0.906328 0.179227 -0.382683
v 19190.5 20728.9 15937.8
vt -1291.77 -1325.97
vt -1291.77 -1326.04
f 233/647/117 232/648/118 239/649/118 238/650/117 

vt 881.765 -473.245
vt 881.765 -473.168
vn -0.97261 0.192334 -0.130526
v 19190 20729 15939.7
vt -1291.77 -473.168
vt -1291.77 -473.245
f 232/651/118 231/652/119 240/653/119 239/654/118 

vt 881.765 411.802
vt 881.765 411.879
vn -0.97261 0.192334 0.130526
v 19190 20729 15941.6
vt -1291.77 411.879
vt -1291.77 411.802
f 231/655/119 230/656/120 241/657/120 240/658/119 

vt 881.765 1268.78
vt 881.765 1268.86
vn -0.906328 0.179227 0.382683
v 19190.5 20728.9 15943.5
vt -1291.77 1268.86
vt -1291.77 1268.78
f 230/659/120 229/660/121 242/661/121 241/662/120 

vt 881.765 2039.3
vt 881.765 2039.37
vn -0.778282 0.153906 0.608761
v 19191.5 20728.7 15945.2
vt -1291.77 2039.37
vt -1291.77 2039.3
f 229/663/121 228/664/122 243/665/122 242/666/121 

vt 881.765 2670.83
vt 881.765 2670.91
vn -0.597197 0.118096 0.793353
v 19192.8 20728.4 15946.6
vt -1291.77 2670.91
vt -1291.77 2670.83
f 228/667/122 227/668/123 244/669/123 243/670/122 

vt 881.765 3120.35
vt 881.765 3120.43
vn -0.375413 0.0742383 0.92388
v 19194.5 20728.1 15947.6
vt -1291.77 3120.43
vt -1291.77 3120.35
f 227/671/123 226/672/124 245/673/124 244/674/123 

vt 881.765 3357.22
vt 881.765 3357.3
vn -0.128047 0.0253213 0.991445
v 19196.3 20727.7 15948.1
vt -1291.77 3357.3
vt -1291.77 3357.22
f 226/675/124 225/676/125 246/677/125 245/678/124 

vt 3130.35 -1517.87
vn -1.75896e-09 3.5003e-10 1
vt 3130.39 -1517.88
vn 0.128047 -0.0253213 0.991445
v 19198.3 20727.4 15948.1
vt 3552.04 614.362
v 19197.3 20727.5 15948.1
vt 3552 614.369
vt 3551.96 614.377
vt 3130.31 -1517.86
f 224/679/126 223/680/127 247/681/127 248/682/126 246/683/125 225/684/125 

vt -881.765 -3144.04
vt -881.765 -3144.11
vn 0.375413 -0.0742383 0.92388
v 19200.1 20727 15947.6
vt 1291.77 -3144.11
vt 1291.77 -3144.04
f 223/685/127 222/686/128 249/687/128 247/688/127 

vt -881.765 -2708.51
vt -881.765 -2708.59
vn 0.597197 -0.118096 0.793353
v 19201.8 20726.7 15946.6
vt 1291.77 -2708.59
vt 1291.77 -2708.51
f 222/689/128 221/690/129 250/691/129 249/692/128 

vt -881.765 -2088.4
vt -881.765 -2088.48
vn 0.778282 -0.153906 0.608761
v 19203.1 20726.4 15945.2
vt 1291.77 -2088.48
vt 1291.77 -2088.4
f 221/693/129 220/694/130 251/695/130 250/696/129 

vt -881.765 -1325.97
vt -881.765 -1326.04
vn 0.906328 -0.179227 0.382683
v 19204.1 20726.2 15943.5
vt 1291.77 -1326.04
vt 1291.77 -1325.97
f 220/697/130 219/698/131 252/699/131 251/700/130 

vt -881.765 -473.168
vt -881.765 -473.245
vn 0.97261 -0.192334 0.130526
v 19204.6 20726.1 15941.6
vt 1291.77 -473.245
vt 1291.77 -473.168
f 219/701/131 218/702/132 253/703/132 252/704/131 

vt -881.765 411.879
vt -881.765 411.802
vn 0.97261 -0.192334 -0.130526
v 19204.6 20726.1 15939.7
vt 1291.77 411.802
vt 1291.77 411.879
f 218/705/132 217/706/133 254/707/133 253/708/132 

vt -881.765 1268.86
vt -881.765 1268.78
vn 0.906328 -0.179227 -0.382683
v 19204.1 20726.2 15937.8
vt 1291.77 1268.78
vt 1291.77 1268.86
f 217/709/133 216/710/134 255/711/134 254/712/133 

vt -881.765 2039.37
vt -881.765 2039.3
vn 0.778282 -0.153906 -0.608761
v 19203.1 20726.4 15936.1
vt 1291.77 2039.3
vt 1291.77 2039.37
f 216/713/134 215/714/135 256/715/135 255/716/134 

vt -881.765 2670.91
vt -881.765 2670.83
vn 0.597197 -0.118096 -0.793353
v 19201.8 20726.7 15934.7
vt 1291.77 2670.83
vt 1291.77 2670.91
f 215/717/135 214/718/136 257/719/136 256/720/135 

vt -881.765 3120.43
vt -881.765 3120.35
vn 0.375413 -0.0742383 -0.92388
v 19200.1 20727 15933.7
vt 1291.77 3120.35
vt 1291.77 3120.43
f 214/721/136 213/722/137 258/723/137 257/724/136 

vt -881.765 3357.3
vt -881.765 3357.22
vn 0.128047 -0.0253213 -0.991445
v 19198.3 20727.4 15933.2
vt 1291.77 3357.22
vt 1291.77 3357.3
f 213/725/137 212/726/138 259/727/138 258/728/137 

vt -3130.35 -1517.87
vn 1.7586e-09 -3.49958e-10 -1
vt -3130.31 -1517.86
vt -3551.96 614.377
v 19197.3 20727.5 15933.2
vt -3552 614.369
vt -3552.04 614.362
vt -3130.39 -1517.88
f 211/729/139 210/730/114 236/731/114 260/732/139 259/733/138 212/734/138 

vt -3365.45 411.568
vn 0.193994 0.981003 -2.50173e-12
vt -3365.38 411.548
vt -3365.34 411.548
vt -3365.3 411.548
vt -3365.23 411.568
vt -3365.16 411.607
vt -3365.1 411.661
vt -3365.07 411.728
vt -3365.05 411.802
vt -3365.05 411.879
vt -3365.07 411.954
vt -3365.1 412.021
vt -3365.16 412.075
vt -3365.23 412.114
vt -3365.3 412.134
vt -3365.34 412.134
vt -3365.38 412.134
vt -3365.45 412.114
vt -3365.52 412.075
vt -3365.57 412.021
vt -3365.61 411.954
vt -3365.63 411.879
vt -3365.63 411.802
vt -3365.61 411.728
vt -3365.57 411.661
vt -3365.52 411.607
f 258/735/140 259/736/140 260/737/140 236/738/140 235/739/140 237/740/140 238/741/140 239/742/140 240/743/140 241/744/140 242/745/140 243/746/140 244/747/140 245/748/140 246/749/140 248/750/140 247/751/140 249/752/140 250/753/140 251/754/140 252/755/140 253/756/140 254/757/140 255/758/140 256/759/140 257/760/140 

g Mesh6 Group9 Group3 Group2 Group1 Model

v 21505.2 20718.6 14511.3
vt -3456.41 355.744
vn 0.192591 0.981279 -0.000133669
v 21503.4 20718.9 14510.8
vt -3456.34 355.724
v 21502.4 20719.1 14510.8
vt -3456.3 355.724
v 21501.5 20719.3 14510.8
vt -3456.26 355.724
v 21499.6 20719.7 14511.3
vt -3456.19 355.744
v 21497.9 20720 14512.3
vt -3456.12 355.782
v 21496.6 20720.3 14513.7
vt -3456.07 355.837
v 21495.6 20720.5 14515.4
vt -3456.03 355.903
v 21495.1 20720.6 14517.3
vt -3456.01 355.978
v 21495.1 20720.6 14519.2
vt -3456.01 356.055
v 21495.6 20720.5 14521.1
vt -3456.03 356.129
v 21496.6 20720.3 14522.8
vt -3456.07 356.196
v 21497.9 20720 14524.2
vt -3456.12 356.251
v 21499.6 20719.7 14525.2
vt -3456.19 356.289
v 21501.5 20719.3 14525.7
vt -3456.26 356.309
v 21502.4 20719.1 14525.7
vt -3456.3 356.309
v 21503.4 20718.9 14525.7
vt -3456.34 356.309
v 21505.2 20718.6 14525.2
vt -3456.41 356.289
v 21506.9 20718.2 14524.2
vt -3456.48 356.251
v 21508.3 20718 14522.8
vt -3456.53 356.196
v 21509.2 20717.8 14521.1
vt -3456.57 356.129
v 21509.7 20717.7 14519.2
vt -3456.59 356.055
v 21509.7 20717.7 14517.3
vt -3456.59 355.978
v 21509.2 20717.8 14515.4
vt -3456.57 355.903
v 21508.3 20718 14513.7
vt -3456.53 355.837
v 21506.9 20718.2 14512.3
vt -3456.48 355.782
f 261/761/141 262/762/141 263/763/141 264/764/141 265/765/141 266/766/141 267/767/141 268/768/141 269/769/141 270/770/141 271/771/141 272/772/141 273/773/141 274/774/141 275/775/141 276/776/141 277/777/141 278/778/141 279/779/141 280/780/141 281/781/141 282/782/141 283/783/141 284/784/141 285/785/141 286/786/141 

vt 1305.83 3429.96
vn 0.128057 -0.0252682 -0.991445
vt 1305.83 3430.04
vn 0.375495 -0.0738226 -0.92388
v 10878.5 -33426.3 14518.7
vt -866.528 3431.16
v 10876.6 -33426 14518.2
vt -866.528 3431.08
f 262/787/142 261/788/143 287/789/143 288/790/142 

vt 1304.9 3170.87
vt 1304.9 3170.94
vn 0.597344 -0.117346 -0.793353
v 10880.1 -33426.6 14519.7
vt -867.452 3171.52
vt -867.452 3171.45
f 261/791/143 286/792/144 289/793/144 287/794/143 

vt 1304.57 2695.43
vt 1304.57 2695.51
vn 0.778485 -0.152873 -0.608761
v 10881.5 -33426.9 14521.1
vt -867.79 2695.92
vt -867.79 2695.84
f 286/795/144 285/796/145 290/797/145 289/798/144 

vt 1304.37 2036.23
vt 1304.37 2036.31
vn 0.906574 -0.177981 -0.382683
v 10882.5 -33427.1 14522.8
vt -867.985 2036.64
vt -867.985 2036.57
f 285/799/145 284/800/146 291/801/146 290/802/145 

vt 1304.23 1238.22
vt 1304.23 1238.3
vn 0.972881 -0.190961 -0.130526
v 10882.9 -33427.2 14524.7
vt -868.128 1238.6
vt -868.128 1238.52
f 284/803/146 283/804/147 292/805/147 291/806/146 

vt 1304.1 355.804
vt 1304.1 355.881
vn 0.972887 -0.190926 0.130526
v 10882.9 -33427.2 14526.6
vt -868.252 356.171
vt -868.252 356.094
f 283/807/147 282/808/148 293/809/148 292/810/147 

vt 1303.98 -550.89
vt 1303.98 -550.813
vn 0.906594 -0.177881 0.382683
v 10882.5 -33427.1 14528.5
vt -868.376 -550.512
vt -868.376 -550.589
f 282/811/148 281/812/149 294/813/149 293/814/148 

vt 1303.84 -1420.07
vt 1303.84 -1419.99
vn 0.778517 -0.152713 0.608761
v 10881.5 -33426.9 14530.2
vt -868.519 -1419.66
vt -868.519 -1419.74
f 281/815/149 280/816/150 295/817/150 294/818/149 

vt 1303.64 -2192.52
vt 1303.64 -2192.44
vn 0.597385 -0.117138 0.793353
v 10880.1 -33426.6 14531.6
vt -868.714 -2192.03
vt -868.714 -2192.11
f 280/819/150 279/820/151 296/821/151 295/822/150 

vt 1303.3 -2815.62
vt 1303.3 -2815.55
vn 0.375543 -0.0735803 0.92388
v 10878.5 -33426.3 14532.6
vt -869.052 -2814.97
vt -869.052 -2815.04
f 279/823/151 278/824/152 297/825/152 296/826/151 

vt 1302.38 -3247.1
vt 1302.38 -3247.02
vn 0.128108 -0.0250082 0.991445
v 10876.6 -33425.9 14533.1
vt -869.976 -3245.9
vt -869.976 -3245.98
f 278/827/152 277/828/153 298/829/153 297/830/152 

vt 3642.75 613.991
vn 2.57452e-05 0.000131166 1
vt 3642.71 613.998
vn -0.128057 0.0252682 0.991445
v 10874.7 -33425.6 14533.1
vt 3224.33 -1517.69
v 10875.7 -33425.8 14533.1
vt 3224.37 -1517.7
vt 3224.41 -1517.7
vt 3642.78 613.983
f 276/831/154 275/832/155 299/833/155 300/834/154 298/835/153 277/836/153 

vt -1305.83 3430.04
vt -1305.83 3429.96
vn -0.375495 0.0738226 0.92388
v 10872.8 -33425.2 14532.6
vt 866.528 3431.08
vt 866.528 3431.16
f 275/837/155 274/838/156 301/839/156 299/840/155 

vt -1304.9 3170.94
vt -1304.9 3170.87
vn -0.597344 0.117346 0.793353
v 10871.2 -33424.9 14531.6
vt 867.452 3171.45
vt 867.452 3171.52
f 274/841/156 273/842/157 302/843/157 301/844/156 

vt -1304.57 2695.51
vt -1304.57 2695.43
vn -0.778485 0.152873 0.608761
v 10869.8 -33424.6 14530.2
vt 867.79 2695.84
vt 867.79 2695.92
f 273/845/157 272/846/158 303/847/158 302/848/157 

vt -1304.37 2036.31
vt -1304.37 2036.23
vn -0.906574 0.177981 0.382683
v 10868.9 -33424.4 14528.5
vt 867.985 2036.57
vt 867.985 2036.64
f 272/849/158 271/850/159 304/851/159 303/852/158 

vt -1304.23 1238.3
vt -1304.23 1238.22
vn -0.972881 0.190961 0.130526
v 10868.4 -33424.3 14526.6
vt 868.128 1238.52
vt 868.128 1238.6
f 271/853/159 270/854/160 305/855/160 304/856/159 

vt -1304.1 355.881
vt -1304.1 355.804
vn -0.972887 0.190926 -0.130526
v 10868.4 -33424.3 14524.7
vt 868.252 356.094
vt 868.252 356.171
f 270/857/160 269/858/161 306/859/161 305/860/160 

vt -1303.98 -550.813
vt -1303.98 -550.89
vn -0.906594 0.177881 -0.382683
v 10868.9 -33424.4 14522.8
vt 868.376 -550.589
vt 868.376 -550.512
f 269/861/161 268/862/162 307/863/162 306/864/161 

vt -1303.84 -1419.99
vt -1303.84 -1420.07
vn -0.778517 0.152713 -0.608761
v 10869.8 -33424.6 14521.1
vt 868.519 -1419.74
vt 868.519 -1419.66
f 268/865/162 267/866/163 308/867/163 307/868/162 

vt -1303.64 -2192.44
vt -1303.64 -2192.52
vn -0.597385 0.117138 -0.793353
v 10871.2 -33424.9 14519.7
vt 868.714 -2192.11
vt 868.714 -2192.03
f 267/869/163 266/870/164 309/871/164 308/872/163 

vt -1303.3 -2815.55
vt -1303.3 -2815.62
vn -0.375543 0.0735803 -0.92388
v 10872.8 -33425.2 14518.7
vt 869.052 -2815.04
vt 869.052 -2814.97
f 266/873/164 265/874/165 310/875/165 309/876/164 

vt -1302.38 -3247.02
vt -1302.38 -3247.1
vn -0.128108 0.0250082 -0.991445
v 10874.7 -33425.6 14518.2
vt 869.976 -3245.98
vt 869.976 -3245.9
f 265/877/165 264/878/166 311/879/166 310/880/165 

vt -3642.75 613.991
vn -2.57452e-05 -0.000131166 -1
vt -3642.78 613.983
vt -3224.41 -1517.7
v 10875.7 -33425.8 14518.2
vt -3224.37 -1517.7
vt -3224.33 -1517.69
vt -3642.71 613.998
f 263/881/167 262/882/142 288/883/142 312/884/167 311/885/166 264/886/166 

vt 3456.19 355.744
vn -0.192591 -0.981279 0.000133669
vt 3456.26 355.724
vt 3456.3 355.724
vt 3456.34 355.724
vt 3456.41 355.744
vt 3456.48 355.782
vt 3456.53 355.837
vt 3456.57 355.903
vt 3456.59 355.978
vt 3456.59 356.055
vt 3456.57 356.129
vt 3456.53 356.196
vt 3456.48 356.251
vt 3456.41 356.289
vt 3456.34 356.309
vt 3456.3 356.309
vt 3456.26 356.309
vt 3456.19 356.289
vt 3456.12 356.251
vt 3456.07 356.196
vt 3456.03 356.129
vt 3456.01 356.055
vt 3456.01 355.978
vt 3456.03 355.903
vt 3456.07 355.837
vt 3456.12 355.782
f 310/887/168 311/888/168 312/889/168 288/890/168 287/891/168 289/892/168 290/893/168 291/894/168 292/895/168 293/896/168 294/897/168 295/898/168 296/899/168 297/900/168 298/901/168 300/902/168 299/903/168 301/904/168 302/905/168 303/906/168 304/907/168 305/908/168 306/909/168 307/910/168 308/911/168 309/912/168 

g Mesh7 Group10 Group3 Group2 Group1 Model

v 19194.4 20727.4 15933.7
vt 3584.57 411.543
vn 0.0656703 -0.997841 -6.53968e-05
v 19196.3 20727.5 15933.2
vt 3584.64 411.523
v 19197.3 20727.6 15933.2
vt 3584.68 411.523
v 19198.3 20727.6 15933.2
vt 3584.72 411.523
v 19200.2 20727.7 15933.7
vt 3584.79 411.543
v 19201.9 20727.9 15934.7
vt 3584.86 411.582
v 19203.2 20727.9 15936.1
vt 3584.91 411.636
v 19204.2 20728 15937.8
vt 3584.95 411.703
v 19204.7 20728 15939.7
vt 3584.97 411.778
v 19204.7 20728 15941.6
vt 3584.97 411.855
v 19204.2 20728 15943.5
vt 3584.95 411.929
v 19203.2 20727.9 15945.2
vt 3584.91 411.996
v 19201.9 20727.8 15946.6
vt 3584.86 412.05
v 19200.2 20727.7 15947.6
vt 3584.79 412.089
v 19198.3 20727.6 15948.1
vt 3584.72 412.109
v 19197.3 20727.5 15948.1
vt 3584.68 412.109
v 19196.3 20727.5 15948.1
vt 3584.64 412.109
v 19194.4 20727.4 15947.6
vt 3584.57 412.089
v 19192.7 20727.2 15946.6
vt 3584.5 412.05
v 19191.4 20727.2 15945.2
vt 3584.45 411.996
v 19190.4 20727.1 15943.5
vt 3584.41 411.929
v 19189.9 20727.1 15941.6
vt 3584.39 411.855
v 19189.9 20727.1 15939.7
vt 3584.39 411.778
v 19190.4 20727.1 15937.8
vt 3584.41 411.703
v 19191.4 20727.2 15936.1
vt 3584.45 411.636
v 19192.7 20727.3 15934.7
vt 3584.5 411.582
f 313/913/169 314/914/169 315/915/169 316/916/169 317/917/169 318/918/169 319/919/169 320/920/169 321/921/169 322/922/169 323/923/169 324/924/169 325/925/169 326/926/169 327/927/169 328/928/169 329/929/169 330/930/169 331/931/169 332/932/169 333/933/169 334/934/169 335/935/169 336/936/169 337/937/169 338/938/169 

vt -380.657 -3355.89
vn -0.130249 -0.008507 -0.991445
vt -380.657 -3355.81
vn -0.381861 -0.0250707 -0.92388
v 19145.2 21475.2 15933.8
vt -410.164 -3355.81
v 19147.1 21475.3 15933.2
vt -410.164 -3355.88
f 314/939/170 313/940/171 339/941/171 340/942/170 

vt -380.188 -2898.5
vt -380.188 -2898.43
vn -0.607451 -0.0399258 -0.793353
v 19143.5 21475.1 15934.7
vt -409.695 -2898.42
vt -409.695 -2898.5
f 313/943/171 338/944/172 341/945/172 339/946/171 

vt -380.017 -2243.56
vt -380.017 -2243.48
vn -0.791643 -0.05206 -0.608761
v 19142.1 21475 15936.1
vt -409.523 -2243.48
vt -409.523 -2243.55
f 338/947/172 337/948/173 342/949/173 341/950/172 

vt -379.917 -1435.71
vt -379.917 -1435.63
vn -0.921887 -0.0606465 -0.382683
v 19141.2 21474.9 15937.8
vt -409.424 -1435.63
vt -409.424 -1435.7
f 337/951/173 336/952/174 343/953/174 342/954/173 

vt -379.845 -530.012
vt -379.845 -529.935
vn -0.989305 -0.0651 -0.130526
v 19140.7 21474.9 15939.7
vt -409.352 -529.933
vt -409.352 -530.01
f 336/955/174 335/956/175 344/957/175 343/958/174 

vt -379.782 411.802
vt -379.782 411.879
vn -0.989304 -0.065117 0.130526
v 19140.7 21474.9 15941.7
vt -409.289 411.881
vt -409.289 411.804
f 335/959/175 334/960/176 345/961/176 344/962/175 

vt -379.719 1325.55
vt -379.719 1325.63
vn -0.921884 -0.0606964 0.382683
v 19141.2 21474.9 15943.6
vt -409.226 1325.63
vt -409.226 1325.56
f 334/963/176 333/964/177 346/965/177 345/966/176 

vt -379.647 2148.97
vt -379.647 2149.05
vn -0.791638 -0.0521395 0.608761
v 19142.1 21475 15945.2
vt -409.153 2149.05
vt -409.153 2148.98
f 333/967/177 332/968/178 347/969/178 346/970/177 

vt -379.548 2825.95
vt -379.548 2826.02
vn -0.607444 -0.0400293 0.793353
v 19143.5 21475.1 15946.6
vt -409.054 2826.03
vt -409.054 2825.95
f 332/971/178 331/972/179 348/973/179 347/974/178 

vt -379.376 3310.34
vt -379.376 3310.42
vn -0.381853 -0.0251912 0.92388
v 19145.2 21475.2 15947.6
vt -408.883 3310.42
vt -408.883 3310.35
f 331/975/179 330/976/180 349/977/180 348/978/179 

vt -378.907 3569.18
vt -378.907 3569.26
vn -0.13024 -0.0086364 0.991445
v 19147.1 21475.3 15948.1
vt -408.414 3569.26
vt -408.414 3569.19
f 330/979/180 329/980/181 350/981/181 349/982/180 

vt 3552 614.396
vn 4.29284e-06 -6.52558e-05 1
vt 3552.04 614.399
vn 0.130249 0.008507 0.991445
v 19149.1 21475.5 15948.1
vt 3550.1 643.842
v 19148.1 21475.4 15948.1
vt 3550.06 643.839
vt 3550.02 643.837
vt 3551.96 614.394
f 328/983/182 327/984/183 351/985/183 352/986/182 350/987/181 329/988/181 

vt 380.657 -3355.81
vt 380.657 -3355.89
vn 0.381861 0.0250707 0.92388
v 19150.9 21475.6 15947.6
vt 410.164 -3355.88
vt 410.164 -3355.81
f 327/989/183 326/990/184 353/991/184 351/992/183 

vt 380.188 -2898.43
vt 380.188 -2898.5
vn 0.607451 0.0399258 0.793353
v 19152.6 21475.7 15946.6
vt 409.695 -2898.5
vt 409.695 -2898.42
f 326/993/184 325/994/185 354/995/185 353/996/184 

vt 380.017 -2243.48
vt 380.017 -2243.56
vn 0.791643 0.05206 0.608761
v 19154 21475.8 15945.2
vt 409.523 -2243.55
vt 409.523 -2243.48
f 325/997/185 324/998/186 355/999/186 354/1000/185 

vt 379.917 -1435.63
vt 379.917 -1435.71
vn 0.921887 0.0606465 0.382683
v 19155 21475.9 15943.6
vt 409.424 -1435.7
vt 409.424 -1435.63
f 324/1001/186 323/1002/187 356/1003/187 355/1004/186 

vt 379.845 -529.935
vt 379.845 -530.012
vn 0.989305 0.0651 0.130526
v 19155.5 21475.9 15941.7
vt 409.352 -530.01
vt 409.352 -529.933
f 323/1005/187 322/1006/188 357/1007/188 356/1008/187 

vt 379.782 411.879
vt 379.782 411.802
vn 0.989304 0.065117 -0.130526
v 19155.5 21475.9 15939.7
vt 409.289 411.804
vt 409.289 411.881
f 322/1009/188 321/1010/189 358/1011/189 357/1012/188 

vt 379.719 1325.63
vt 379.719 1325.55
vn 0.921884 0.0606964 -0.382683
v 19155 21475.9 15937.8
vt 409.226 1325.56
vt 409.226 1325.63
f 321/1013/189 320/1014/190 359/1015/190 358/1016/189 

vt 379.647 2149.05
vt 379.647 2148.97
vn 0.791638 0.0521395 -0.608761
v 19154 21475.8 15936.1
vt 409.153 2148.98
vt 409.153 2149.05
f 320/1017/190 319/1018/191 360/1019/191 359/1020/190 

vt 379.548 2826.02
vt 379.548 2825.95
vn 0.607444 0.0400293 -0.793353
v 19152.6 21475.7 15934.7
vt 409.054 2825.95
vt 409.054 2826.03
f 319/1021/191 318/1022/192 361/1023/192 360/1024/191 

vt 379.376 3310.42
vt 379.376 3310.34
vn 0.381853 0.0251912 -0.92388
v 19150.9 21475.6 15933.8
vt 408.883 3310.35
vt 408.883 3310.42
f 318/1025/192 317/1026/193 362/1027/193 361/1028/192 

vt 378.907 3569.26
vt 378.907 3569.18
vn 0.13024 0.0086364 -0.991445
v 19149.1 21475.5 15933.2
vt 408.414 3569.19
vt 408.414 3569.26
f 317/1029/193 316/1030/194 363/1031/194 362/1032/193 

vt -3552 614.396
vn -4.29284e-06 6.52558e-05 -1
vt -3551.96 614.394
vt -3550.02 643.837
v 19148.1 21475.4 15933.2
vt -3550.06 643.839
vt -3550.1 643.842
vt -3552.04 614.399
f 315/1033/195 314/1034/170 340/1035/170 364/1036/195 363/1037/194 316/1038/194 

vt -3584.79 411.543
vn -0.0656703 0.997841 6.53968e-05
vt -3584.72 411.523
vt -3584.68 411.523
vt -3584.64 411.523
vt -3584.57 411.543
vt -3584.5 411.582
vt -3584.45 411.636
vt -3584.41 411.703
vt -3584.39 411.778
vt -3584.39 411.855
vt -3584.41 411.929
vt -3584.45 411.996
vt -3584.5 412.05
vt -3584.57 412.089
vt -3584.64 412.109
vt -3584.68 412.109
vt -3584.72 412.109
vt -3584.79 412.089
vt -3584.86 412.05
vt -3584.91 411.996
vt -3584.95 411.929
vt -3584.97 411.855
vt -3584.97 411.778
vt -3584.95 411.703
vt -3584.91 411.636
vt -3584.86 411.582
f 362/1039/196 363/1040/196 364/1041/196 340/1042/196 339/1043/196 341/1044/196 342/1045/196 343/1046/196 344/1047/196 345/1048/196 346/1049/196 347/1050/196 348/1051/196 349/1052/196 350/1053/196 352/1054/196 351/1055/196 353/1056/196 354/1057/196 355/1058/196 356/1059/196 357/1060/196 358/1061/196 359/1062/196 360/1063/196 361/1064/196 

g Mesh8 Group11 Group3 Group2 Group1 Model

v 21472.3 21469.9 15933.7
vt -3662.5 411.568
vn -0.0362372 0.999343 -1.39082e-13
v 21470.4 21469.9 15933.2
vt -3662.42 411.548
v 21469.4 21469.8 15933.2
vt -3662.39 411.548
v 21468.5 21469.8 15933.2
vt -3662.35 411.548
v 21466.6 21469.7 15933.7
vt -3662.27 411.568
v 21464.9 21469.7 15934.7
vt -3662.21 411.607
v 21463.5 21469.6 15936.1
vt -3662.15 411.661
v 21462.5 21469.6 15937.8
vt -3662.11 411.728
v 21462 21469.6 15939.7
vt -3662.09 411.802
v 21462 21469.6 15941.6
vt -3662.09 411.879
v 21462.5 21469.6 15943.5
vt -3662.11 411.954
v 21463.5 21469.6 15945.2
vt -3662.15 412.021
v 21464.9 21469.7 15946.6
vt -3662.21 412.075
v 21466.6 21469.7 15947.6
vt -3662.27 412.114
v 21468.5 21469.8 15948.1
vt -3662.35 412.134
v 21469.4 21469.8 15948.1
vt -3662.39 412.134
v 21470.4 21469.9 15948.1
vt -3662.42 412.134
v 21472.3 21469.9 15947.6
vt -3662.5 412.114
v 21474 21470 15946.6
vt -3662.57 412.075
v 21475.4 21470 15945.2
vt -3662.62 412.021
v 21476.4 21470.1 15943.5
vt -3662.66 411.954
v 21476.9 21470.1 15941.6
vt -3662.68 411.879
v 21476.9 21470.1 15939.7
vt -3662.68 411.802
v 21476.4 21470.1 15937.8
vt -3662.66 411.728
v 21475.4 21470 15936.1
vt -3662.62 411.661
v 21474 21470 15934.7
vt -3662.57 411.607
f 365/1065/197 366/1066/197 367/1067/197 368/1068/197 369/1069/197 370/1070/197 371/1071/197 372/1072/197 373/1073/197 374/1074/197 375/1075/197 376/1076/197 377/1077/197 378/1078/197 379/1079/197 380/1080/197 381/1081/197 382/1082/197 383/1083/197 384/1084/197 385/1085/197 386/1086/197 387/1087/197 388/1088/197 389/1089/197 390/1090/197 

vt 511.214 3644.15
vn 0.13044 0.00472991 -0.991445
vt 511.214 3644.22
vn 0.382432 0.0138674 -0.92388
v 21499.2 20727.7 15933.7
vt 481.971 3644.22
v 21497.3 20727.6 15933.2
vt 481.971 3644.15
f 366/1091/198 365/1092/199 391/1093/199 392/1094/198 

vt 511.214 3377.6
vt 511.214 3377.68
vn 0.608362 0.0220598 -0.793353
v 21500.9 20727.7 15934.7
vt 481.971 3377.68
vt 481.971 3377.6
f 365/1095/199 390/1096/200 393/1097/200 391/1098/199 

vt 511.214 2880.87
vt 511.214 2880.95
vn 0.792832 0.0287489 -0.608761
v 21502.3 20727.8 15936.1
vt 481.971 2880.95
vt 481.971 2880.87
f 390/1099/200 389/1100/201 394/1101/201 393/1102/200 

vt 511.214 2187.82
vt 511.214 2187.9
vn 0.923273 0.0334788 -0.382683
v 21503.3 20727.8 15937.8
vt 481.971 2187.9
vt 481.971 2187.82
f 389/1103/201 388/1104/202 395/1105/202 394/1106/201 

vt 511.214 1345.66
vt 511.214 1345.74
vn 0.990794 0.0359272 -0.130526
v 21503.8 20727.8 15939.7
vt 481.971 1345.74
vt 481.971 1345.66
f 388/1107/202 387/1108/203 396/1109/203 395/1110/202 

vt 511.214 411.802
vt 511.214 411.879
vn 0.990794 0.0359272 0.130526
v 21503.8 20727.8 15941.6
vt 481.971 411.879
vt 481.971 411.802
f 387/1111/203 386/1112/204 397/1113/204 396/1114/203 

vt 511.214 -550.126
vt 511.214 -550.049
vn 0.923273 0.0334788 0.382683
v 21503.3 20727.8 15943.5
vt 481.971 -550.049
vt 481.971 -550.126
f 386/1115/204 385/1116/205 398/1117/205 397/1118/204 

vt 511.214 -1474.57
vt 511.214 -1474.49
vn 0.792832 0.0287489 0.608761
v 21502.3 20727.8 15945.2
vt 481.971 -1474.49
vt 481.971 -1474.57
f 385/1119/205 384/1120/206 399/1121/206 398/1122/205 

vt 511.214 -2298.52
vt 511.214 -2298.44
vn 0.608362 0.0220598 0.793353
v 21500.9 20727.7 15946.6
vt 481.971 -2298.44
vt 481.971 -2298.52
f 384/1123/206 383/1124/207 400/1125/207 399/1126/206 

vt 511.214 -2965.84
vt 511.214 -2965.76
vn 0.382432 0.0138674 0.92388
v 21499.2 20727.7 15947.6
vt 481.971 -2965.76
vt 481.971 -2965.84
f 383/1127/207 382/1128/208 401/1129/208 400/1130/207 

vt 511.214 -3431.04
vt 511.214 -3430.96
vn 0.13044 0.00472991 0.991445
v 21497.3 20727.6 15948.1
vt 481.971 -3430.96
vt 481.971 -3431.04
f 382/1131/208 381/1132/209 402/1133/209 401/1134/208 

vt 3641.46 643.593
vn 1.79448e-09 6.5071e-11 1
vt 3641.42 643.592
vn -0.13044 -0.00472991 0.991445
v 21495.4 20727.5 15948.1
vt 3642.48 614.368
v 21496.3 20727.5 15948.1
vt 3642.55 614.371
vt 3641.49 643.595
f 380/1135/210 379/1136/211 403/1137/211 404/527/210 402/1138/209 381/1139/209 

vt -511.214 3644.22
vt -511.214 3644.15
vn -0.382432 -0.0138674 0.92388
v 21493.5 20727.4 15947.6
vt -481.971 3644.15
vt -481.971 3644.22
f 379/1140/211 378/1141/212 405/1142/212 403/1143/211 

vt -511.214 3377.68
vt -511.214 3377.6
vn -0.608362 -0.0220598 0.793353
v 21491.8 20727.4 15946.6
vt -481.971 3377.6
vt -481.971 3377.68
f 378/1144/212 377/1145/213 406/1146/213 405/1147/212 

vt -511.214 2880.95
vt -511.214 2880.88
vn -0.792832 -0.0287489 0.608761
v 21490.4 20727.3 15945.2
vt -481.971 2880.88
vt -481.971 2880.95
f 377/1148/213 376/1149/214 407/1150/214 406/1151/213 

vt -511.214 2187.9
vt -511.214 2187.82
vn -0.923273 -0.0334788 0.382683
v 21489.4 20727.3 15943.5
vt -481.971 2187.82
vt -481.971 2187.9
f 376/1152/214 375/1153/215 408/1154/215 407/1155/214 

vt -511.214 1345.74
vt -511.214 1345.66
vn -0.990794 -0.0359272 0.130526
v 21488.9 20727.3 15941.6
vt -481.971 1345.66
vt -481.971 1345.74
f 375/1156/215 374/1157/216 409/1158/216 408/1159/215 

vt -511.214 411.879
vt -511.214 411.802
vn -0.990794 -0.0359272 -0.130526
v 21488.9 20727.3 15939.7
vt -481.971 411.802
vt -481.971 411.879
f 374/1160/216 373/1161/217 410/1162/217 409/1163/216 

vt -511.214 -550.049
vt -511.214 -550.126
vn -0.923273 -0.0334788 -0.382683
v 21489.4 20727.3 15937.8
vt -481.971 -550.126
vt -481.971 -550.049
f 373/1164/217 372/1165/218 411/1166/218 410/1167/217 

vt -511.214 -1474.49
vt -511.214 -1474.57
vn -0.792832 -0.0287489 -0.608761
v 21490.4 20727.3 15936.1
vt -481.971 -1474.57
vt -481.971 -1474.49
f 372/1168/218 371/1169/219 412/1170/219 411/1171/218 

vt -511.214 -2298.44
vt -511.214 -2298.52
vn -0.608362 -0.0220598 -0.793353
v 21491.8 20727.4 15934.7
vt -481.971 -2298.52
vt -481.971 -2298.44
f 371/1172/219 370/1173/220 413/1174/220 412/1175/219 

vt -511.214 -2965.76
vt -511.214 -2965.84
vn -0.382432 -0.0138674 -0.92388
v 21493.5 20727.4 15933.7
vt -481.971 -2965.84
vt -481.971 -2965.76
f 370/1176/220 369/1177/221 414/1178/221 413/1179/220 

vt -511.214 -3430.96
vt -511.214 -3431.04
vn -0.13044 -0.00472991 -0.991445
v 21495.4 20727.5 15933.2
vt -481.971 -3431.04
vt -481.971 -3430.96
f 369/1180/221 368/1181/222 415/1182/222 414/1183/221 

vt -3641.46 643.593
vn -1.80222e-09 -6.53367e-11 -1
vt -3641.49 643.595
vt -3642.55 614.371
v 21496.3 20727.5 15933.2
vt -3642.48 614.368
vt -3641.42 643.592
f 367/1184/223 366/1185/198 392/1186/198 416/577/223 415/1187/222 368/1188/222 

vt 3662.27 411.568
vn 0.0362372 -0.999343 -4.26704e-14
vt 3662.35 411.548
vt 3662.39 411.548
vt 3662.42 411.548
vt 3662.5 411.568
vt 3662.57 411.607
vt 3662.62 411.661
vt 3662.66 411.728
vt 3662.68 411.802
vt 3662.68 411.879
vt 3662.66 411.954
vt 3662.62 412.021
vt 3662.57 412.075
vt 3662.5 412.114
vt 3662.42 412.134
vt 3662.39 412.134
vt 3662.35 412.134
vt 3662.27 412.114
vt 3662.21 412.075
vt 3662.15 412.021
vt 3662.11 411.954
vt 3662.09 411.879
vt 3662.09 411.802
vt 3662.11 411.728
vt 3662.15 411.661
vt 3662.21 411.607
f 414/1189/224 415/1190/224 416/1191/224 392/1192/224 391/1193/224 393/1194/224 394/1195/224 395/1196/224 396/1197/224 397/1198/224 398/1199/224 399/1200/224 400/1201/224 401/1202/224 402/1203/224 404/1204/224 403/1205/224 405/1206/224 406/1207/224 407/1208/224 408/1209/224 409/1210/224 410/1211/224 411/1212/224 412/1213/224 413/1214/224 

g Mesh9 Group12 Group3 Group2 Group1 Model

v 21542.7 21475.3 14518.7
vt -3608.09 347.826
vn 0.0493935 0.998732 0.00974006
v 21540.8 21475.4 14518.2
vt -3608.02 347.806
v 21539.8 21475.5 14518.2
vt -3607.98 347.806
v 21538.9 21475.5 14518.2
vt -3607.94 347.806
v 21537 21475.6 14518.7
vt -3607.86 347.826
v 21535.3 21475.7 14519.7
vt -3607.8 347.865
v 21533.9 21475.7 14521.1
vt -3607.74 347.919
v 21532.9 21475.8 14522.8
vt -3607.7 347.986
v 21532.4 21475.8 14524.7
vt -3607.68 348.061
v 21532.4 21475.8 14526.6
vt -3607.68 348.138
v 21532.9 21475.7 14528.5
vt -3607.7 348.212
v 21533.9 21475.7 14530.2
vt -3607.74 348.279
v 21535.3 21475.6 14531.6
vt -3607.8 348.333
v 21537 21475.5 14532.6
vt -3607.86 348.372
v 21538.8 21475.4 14533.1
vt -3607.94 348.392
v 21539.8 21475.3 14533.1
vt -3607.98 348.392
v 21540.8 21475.3 14533.1
vt -3608.02 348.392
v 21542.7 21475.2 14532.6
vt -3608.09 348.372
v 21544.4 21475.1 14531.6
vt -3608.16 348.333
v 21545.8 21475.1 14530.2
vt -3608.21 348.279
v 21546.7 21475 14528.5
vt -3608.25 348.212
v 21547.3 21475 14526.6
vt -3608.27 348.138
v 21547.3 21475 14524.7
vt -3608.27 348.061
v 21546.7 21475.1 14522.8
vt -3608.25 347.986
v 21545.8 21475.2 14521.1
vt -3608.21 347.919
v 21544.4 21475.2 14519.7
vt -3608.16 347.865
f 417/1215/225 418/1216/225 419/1217/225 420/1218/225 421/1219/225 422/1220/225 423/1221/225 424/1222/225 425/1223/225 426/1224/225 427/1225/225 428/1226/225 429/1227/225 430/1228/225 431/1229/225 432/1230/225 433/1231/225 434/1232/225 435/1233/225 436/1234/225 437/1235/225 438/1236/225 439/1237/225 440/1238/225 441/1239/225 442/1240/225 

vt 691.43 3603.65
vn 0.130844 0.00319749 -0.991398
vt 691.427 3603.72
vn 0.382661 -0.00991532 -0.923836
v 21505.3 20719 14511.3
vt 661.635 3602.6
v 21503.4 20719.1 14510.8
vt 661.638 3602.53
f 418/1241/226 417/1242/227 443/1243/227 444/1244/226 

vt 762.061 3314.08
vt 762.059 3314.16
vn 0.6084 -0.0223524 -0.793316
v 21507 20719 14512.3
vt 732.252 3313.58
vt 732.254 3313.5
f 417/1245/227 442/1246/228 445/1247/228 443/1248/227 

vt 787.857 2808.45
vt 787.856 2808.53
vn 0.792678 -0.0332662 -0.608733
v 21508.4 20718.9 14513.7
vt 758.047 2808.11
vt 758.048 2808.04
f 442/1249/228 441/1250/229 446/1251/229 445/1252/228 

vt 802.735 2114.57
vt 802.734 2114.65
vn 0.922936 -0.041913 -0.382665
v 21509.3 20718.8 14515.4
vt 772.923 2114.32
vt 772.924 2114.24
f 441/1253/229 440/1254/230 447/1255/230 446/1256/229 

vt 813.618 1278.28
vt 813.617 1278.36
vn 0.990297 -0.0477035 -0.13052
v 21509.8 20718.8 14517.3
vt 783.806 1278.06
vt 783.806 1277.98
f 440/1257/230 439/1258/231 448/1259/231 447/1260/230 

vt 823.037 356.094
vt 823.036 356.171
vn 0.990172 -0.0502431 0.13052
v 21509.8 20718.7 14519.2
vt 793.225 355.881
vt 793.225 355.804
f 439/1261/231 438/1262/232 449/1263/232 448/1264/231 

vt 832.45 -589.249
vt 832.449 -589.172
vn 0.922568 -0.0493586 0.382665
v 21509.3 20718.8 14521.1
vt 802.638 -589.473
vt 802.639 -589.55
f 438/1265/232 437/1266/233 450/1267/233 449/1268/232 

vt 843.312 -1493.17
vt 843.312 -1493.1
vn 0.792092 -0.0451105 0.608733
v 21508.4 20718.8 14522.8
vt 813.501 -1493.43
vt 813.502 -1493.51
f 437/1269/233 436/1270/234 451/1271/234 450/1272/233 

vt 858.138 -2293.52
vt 858.137 -2293.44
vn 0.607637 -0.0377882 0.793316
v 21507 20718.8 14524.2
vt 828.327 -2293.85
vt 828.328 -2293.93
f 436/1273/234 435/1274/235 452/1275/235 451/1276/234 

vt 883.779 -2933.93
vt 883.777 -2933.85
vn 0.381772 -0.0278906 0.923836
v 21505.3 20718.9 14525.2
vt 853.97 -2934.44
vt 853.972 -2934.51
f 435/1277/235 434/1278/236 453/1279/236 452/1280/235 

vt 953.559 -3361.5
vt 953.556 -3361.42
vn 0.12989 -0.0160924 0.991398
v 21503.4 20719 14525.7
vt 923.765 -3362.54
vt 923.768 -3362.62
f 434/1281/236 433/1282/237 454/1283/237 453/1284/236 

vt 3607.98 826.465
vn -0.000481117 -0.00972817 0.999953
vt 3607.94 826.465
vn -0.130844 -0.00319749 0.991398
v 21501.4 20719.1 14525.7
vt 3607.94 796.653
v 21502.4 20719 14525.7
vt 3607.98 796.653
vt 3608.02 796.653
vt 3608.02 826.465
f 432/1285/238 431/1286/239 455/1287/239 456/1288/238 454/1289/237 433/1290/237 

vt -691.427 3603.72
vt -691.43 3603.65
vn -0.382661 0.00991532 0.923836
v 21499.6 20719.2 14525.2
vt -661.638 3602.53
vt -661.635 3602.6
f 431/1291/239 430/1292/240 457/1293/240 455/1294/239 

vt -762.059 3314.16
vt -762.061 3314.08
vn -0.6084 0.0223524 0.793316
v 21497.9 20719.3 14524.2
vt -732.254 3313.5
vt -732.252 3313.58
f 430/1295/240 429/1296/241 458/1297/241 457/1298/240 

vt -787.856 2808.53
vt -787.857 2808.45
vn -0.792678 0.0332662 0.608733
v 21496.5 20719.4 14522.8
vt -758.048 2808.04
vt -758.047 2808.11
f 429/1299/241 428/1300/242 459/1301/242 458/1302/241 

vt -802.734 2114.65
vt -802.735 2114.57
vn -0.922936 0.041913 0.382665
v 21495.5 20719.4 14521.1
vt -772.924 2114.24
vt -772.923 2114.32
f 428/1303/242 427/1304/243 460/1305/243 459/1306/242 

vt -813.617 1278.36
vt -813.618 1278.28
vn -0.990297 0.0477035 0.13052
v 21495 20719.5 14519.2
vt -783.806 1277.98
vt -783.806 1278.06
f 427/1307/243 426/1308/244 461/1309/244 460/1310/243 

vt -823.036 356.171
vt -823.037 356.094
vn -0.990172 0.0502431 -0.13052
v 21495 20719.5 14517.3
vt -793.225 355.804
vt -793.225 355.881
f 426/1311/244 425/1312/245 462/1313/245 461/1314/244 

vt -832.449 -589.172
vt -832.45 -589.249
vn -0.922568 0.0493586 -0.382665
v 21495.5 20719.5 14515.4
vt -802.639 -589.55
vt -802.638 -589.473
f 425/1315/245 424/1316/246 463/1317/246 462/1318/245 

vt -843.312 -1493.1
vt -843.312 -1493.17
vn -0.792092 0.0451105 -0.608733
v 21496.5 20719.5 14513.7
vt -813.502 -1493.51
vt -813.501 -1493.43
f 424/1319/246 423/1320/247 464/1321/247 463/1322/246 

vt -858.137 -2293.44
vt -858.138 -2293.52
vn -0.607637 0.0377882 -0.793316
v 21497.9 20719.4 14512.3
vt -828.328 -2293.93
vt -828.327 -2293.85
f 423/1323/247 422/1324/248 465/1325/248 464/1326/247 

vt -883.777 -2933.85
vt -883.779 -2933.93
vn -0.381772 0.0278906 -0.923836
v 21499.6 20719.3 14511.3
vt -853.972 -2934.51
vt -853.97 -2934.44
f 422/1327/248 421/1328/249 466/1329/249 465/1330/248 

vt -953.556 -3361.42
vt -953.559 -3361.5
vn -0.12989 0.0160924 -0.991398
v 21501.4 20719.2 14510.8
vt -923.768 -3362.62
vt -923.765 -3362.54
f 421/1331/249 420/1332/250 467/1333/250 466/1334/249 

vt -3607.98 826.465
vn 0.000481117 0.00972817 -0.999953
vt -3608.02 826.465
vt -3608.02 796.653
v 21502.4 20719.2 14510.8
vt -3607.98 796.653
vt -3607.94 796.653
vt -3607.94 826.465
f 419/1335/251 418/1336/226 444/1337/226 468/1338/251 467/1339/250 420/1340/250 

vt 3607.86 347.826
vn -0.0493935 -0.998732 -0.00974006
vt 3607.94 347.806
vt 3607.98 347.806
vt 3608.02 347.806
vt 3608.09 347.826
vt 3608.16 347.865
vt 3608.21 347.919
vt 3608.25 347.986
vt 3608.27 348.061
vt 3608.27 348.138
vt 3608.25 348.212
vt 3608.21 348.279
vt 3608.16 348.333
vt 3608.09 348.372
vt 3608.02 348.392
vt 3607.98 348.392
vt 3607.94 348.392
vt 3607.86 348.372
vt 3607.8 348.333
vt 3607.74 348.279
vt 3607.7 348.212
vt 3607.68 348.138
vt 3607.68 348.061
vt 3607.7 347.986
vt 3607.74 347.919
vt 3607.8 347.865
f 466/1341/252 467/1342/252 468/1343/252 444/1344/252 443/1345/252 445/1346/252 446/1347/252 447/1348/252 448/1349/252 449/1350/252 450/1351/252 451/1352/252 452/1353/252 453/1354/252 454/1355/252 456/1356/252 455/1357/252 457/1358/252 458/1359/252 459/1360/252 460/1361/252 461/1362/252 462/1363/252 463/1364/252 464/1365/252 465/1366/252 

g Mesh10 Group13 Group3 Group2 Group1 Model

v 7273.84 -83564.4 15933.7
vt 3325.32 411.568
vn -0.0718005 -0.997419 1.58182e-12
v 7275.72 -83564.5 15933.2
vt 3325.39 411.548
v 7276.7 -83564.6 15933.2
vt 3325.43 411.548
v 7277.68 -83564.7 15933.2
vt 3325.47 411.548
v 7279.56 -83564.8 15933.7
vt 3325.54 411.568
v 7281.25 -83564.9 15934.7
vt 3325.61 411.607
v 7282.64 -83565 15936.1
vt 3325.66 411.661
v 7283.61 -83565.1 15937.8
vt 3325.7 411.728
v 7284.12 -83565.1 15939.7
vt 3325.72 411.802
v 7284.12 -83565.1 15941.6
vt 3325.72 411.879
v 7283.61 -83565.1 15943.5
vt 3325.7 411.954
v 7282.64 -83565 15945.2
vt 3325.66 412.021
v 7281.25 -83564.9 15946.6
vt 3325.61 412.075
v 7279.56 -83564.8 15947.6
vt 3325.54 412.114
v 7277.68 -83564.7 15948.1
vt 3325.47 412.134
v 7276.7 -83564.6 15948.1
vt 3325.43 412.134
v 7275.72 -83564.5 15948.1
vt 3325.39 412.134
v 7273.84 -83564.4 15947.6
vt 3325.32 412.114
v 7272.15 -83564.3 15946.6
vt 3325.25 412.075
v 7270.77 -83564.2 15945.2
vt 3325.2 412.021
v 7269.79 -83564.1 15943.5
vt 3325.16 411.954
v 7269.28 -83564.1 15941.6
vt 3325.14 411.879
v 7269.28 -83564.1 15939.7
vt 3325.14 411.802
v 7269.79 -83564.1 15937.8
vt 3325.16 411.728
v 7270.77 -83564.2 15936.1
vt 3325.2 411.661
v 7272.15 -83564.3 15934.7
vt 3325.25 411.607
f 469/1367/253 470/1368/253 471/1369/253 472/1370/253 473/1371/253 474/1372/253 475/1373/253 476/1374/253 477/1375/253 478/1376/253 479/1377/253 480/1378/253 481/1379/253 482/1380/253 483/1381/253 484/1382/253 485/1383/253 486/1384/253 487/1385/253 488/1386/253 489/1387/253 490/1388/253 491/1389/253 492/1390/253 493/1391/253 494/1392/253 

vt 3261.27 -3105.57
vn -0.130189 0.00937184 -0.991445
vt 3261.27 -3105.49
vn -0.381696 0.0274768 -0.92388
v 10829.3 -34173.4 15933.7
vt 1311.71 -3105.49
v 10831.2 -34173.5 15933.2
vt 1311.71 -3105.57
f 470/1393/254 469/1394/255 495/1395/255 496/1396/254 

vt 3261.27 -2674.03
vt 3261.27 -2673.95
vn -0.60719 0.0437093 -0.793353
v 10827.6 -34173.3 15934.7
vt 1311.71 -2673.95
vt 1311.71 -2674.03
f 469/1397/255 494/1398/256 497/1399/256 495/1400/255 

vt 3261.27 -2060.26
vt 3261.27 -2060.18
vn -0.791306 0.0569631 -0.608761
v 10826.2 -34173.2 15936.1
vt 1311.71 -2060.18
vt 1311.71 -2060.26
f 494/1401/256 493/1402/257 498/1403/257 497/1404/256 

vt 3261.27 -1306.09
vt 3261.27 -1306.01
vn -0.921495 0.066335 -0.382683
v 10825.3 -34173.1 15937.8
vt 1311.71 -1306.01
vt 1311.71 -1306.09
f 493/1405/257 492/1406/258 499/1407/258 498/1408/257 

vt 3261.27 -462.915
vt 3261.27 -462.838
vn -0.988886 0.0711862 -0.130526
v 10824.8 -34173.1 15939.7
vt 1311.71 -462.838
vt 1311.71 -462.915
f 492/1409/258 491/1410/259 500/1411/259 499/1412/258 

vt 3261.27 411.802
vt 3261.27 411.879
vn -0.988886 0.0711862 0.130526
v 10824.8 -34173.1 15941.6
vt 1311.71 411.879
vt 1311.71 411.802
f 491/1413/259 490/1414/260 501/1415/260 500/1416/259 

vt 3261.27 1258.45
vt 3261.27 1258.53
vn -0.921495 0.066335 0.382683
v 10825.3 -34173.1 15943.5
vt 1311.71 1258.53
vt 1311.71 1258.45
f 490/1417/260 489/1418/261 502/1419/261 501/1420/260 

vt 3261.27 2019.34
vt 3261.27 2019.42
vn -0.791306 0.0569631 0.608761
v 10826.2 -34173.2 15945.2
vt 1311.71 2019.42
vt 1311.71 2019.34
f 489/1421/261 488/1422/262 503/1423/262 502/1424/261 

vt 3261.27 2642.61
vt 3261.27 2642.69
vn -0.60719 0.0437093 0.793353
v 10827.6 -34173.3 15946.6
vt 1311.71 2642.69
vt 1311.71 2642.61
f 488/1425/262 487/1426/263 504/1427/263 503/1428/262 

vt 3261.27 3085.79
vt 3261.27 3085.87
vn -0.381696 0.0274768 0.92388
v 10829.3 -34173.4 15947.6
vt 1311.71 3085.87
vt 1311.71 3085.79
f 487/1429/263 486/1430/264 505/1431/264 504/1432/263 

vt 3261.27 3318.67
vt 3261.27 3318.75
vn -0.130189 0.00937184 0.991445
v 10831.2 -34173.5 15948.1
vt 1311.71 3318.75
vt 1311.71 3318.67
f 486/1433/264 485/1434/265 506/1435/265 505/1436/264 

vt 3082.69 -3491.62
vn -1.7864e-09 1.31541e-10 1
vt 3082.73 -3491.62
vn 0.130189 -0.00937184 0.991445
v 10833.1 -34173.7 15948.1
vt 3222.7 -1547.1
v 10832.2 -34173.6 15948.1
vt 3222.67 -1547.09
vt 3222.63 -1547.09
vt 3082.65 -3491.62
f 484/1437/266 483/1438/267 507/1439/267 508/1440/266 506/1441/265 485/1442/265 

vt -3261.27 -3105.49
vt -3261.27 -3105.57
vn 0.381696 -0.0274768 0.92388
v 10835 -34173.8 15947.6
vt -1311.71 -3105.57
vt -1311.71 -3105.49
f 483/1443/267 482/1444/268 509/1445/268 507/1446/267 

vt -3261.27 -2673.95
vt -3261.27 -2674.03
vn 0.60719 -0.0437093 0.793353
v 10836.7 -34173.9 15946.6
vt -1311.71 -2674.03
vt -1311.71 -2673.95
f 482/1447/268 481/1448/269 510/1449/269 509/1450/268 

vt -3261.27 -2060.18
vt -3261.27 -2060.26
vn 0.791306 -0.0569631 0.608761
v 10838.1 -34174 15945.2
vt -1311.71 -2060.26
vt -1311.71 -2060.18
f 481/1451/269 480/1452/270 511/1453/270 510/1454/269 

vt -3261.27 -1306.01
vt -3261.27 -1306.09
vn 0.921495 -0.066335 0.382683
v 10839.1 -34174.1 15943.5
vt -1311.71 -1306.09
vt -1311.71 -1306.01
f 480/1455/270 479/1456/271 512/1457/271 511/1458/270 

vt -3261.27 -462.838
vt -3261.27 -462.915
vn 0.988886 -0.0711862 0.130526
v 10839.6 -34174.1 15941.6
vt -1311.71 -462.915
vt -1311.71 -462.838
f 479/1459/271 478/1460/272 513/1461/272 512/1462/271 

vt -3261.27 411.879
vt -3261.27 411.802
vn 0.988886 -0.0711862 -0.130526
v 10839.6 -34174.1 15939.7
vt -1311.71 411.802
vt -1311.71 411.879
f 478/1463/272 477/1464/273 514/1465/273 513/1466/272 

vt -3261.27 1258.53
vt -3261.27 1258.45
vn 0.921495 -0.066335 -0.382683
v 10839.1 -34174.1 15937.8
vt -1311.71 1258.45
vt -1311.71 1258.53
f 477/1467/273 476/1468/274 515/1469/274 514/1470/273 

vt -3261.27 2019.42
vt -3261.27 2019.34
vn 0.791306 -0.0569631 -0.608761
v 10838.1 -34174 15936.1
vt -1311.71 2019.34
vt -1311.71 2019.42
f 476/1471/274 475/1472/275 516/1473/275 515/1474/274 

vt -3261.27 2642.69
vt -3261.27 2642.61
vn 0.60719 -0.0437093 -0.793353
v 10836.7 -34173.9 15934.7
vt -1311.71 2642.61
vt -1311.71 2642.69
f 475/1475/275 474/1476/276 517/1477/276 516/1478/275 

vt -3261.27 3085.87
vt -3261.27 3085.79
vn 0.381696 -0.0274768 -0.92388
v 10835 -34173.8 15933.7
vt -1311.71 3085.79
vt -1311.71 3085.87
f 474/1479/276 473/1480/277 518/1481/277 517/1482/276 

vt -3261.27 3318.75
vt -3261.27 3318.67
vn 0.130189 -0.00937184 -0.991445
v 10833.1 -34173.7 15933.2
vt -1311.71 3318.67
vt -1311.71 3318.75
f 473/1483/277 472/1484/278 519/1485/278 518/1486/277 

vt -3082.69 -3491.62
vn 1.79045e-09 -1.31834e-10 -1
vt -3082.65 -3491.62
vt -3222.63 -1547.09
v 10832.2 -34173.6 15933.2
vt -3222.67 -1547.09
vt -3222.7 -1547.1
vt -3082.73 -3491.62
f 471/1487/279 470/1488/254 496/1489/254 520/1490/279 519/1491/278 472/1492/278 

vt -3325.54 411.568
vn 0.0718005 0.997419 -2.95404e-12
vt -3325.47 411.548
vt -3325.43 411.548
vt -3325.39 411.548
vt -3325.32 411.568
vt -3325.25 411.607
vt -3325.2 411.661
vt -3325.16 411.728
vt -3325.14 411.802
vt -3325.14 411.879
vt -3325.16 411.954
vt -3325.2 412.021
vt -3325.25 412.075
vt -3325.32 412.114
vt -3325.39 412.134
vt -3325.43 412.134
vt -3325.47 412.134
vt -3325.54 412.114
vt -3325.61 412.075
vt -3325.66 412.021
vt -3325.7 411.954
vt -3325.72 411.879
vt -3325.72 411.802
vt -3325.7 411.728
vt -3325.66 411.661
vt -3325.61 411.607
f 518/1493/280 519/1494/280 520/1495/280 496/1496/280 495/1497/280 497/1498/280 498/1499/280 499/1500/280 500/1501/280 501/1502/280 502/1503/280 503/1504/280 504/1505/280 505/1506/280 506/1507/280 508/1508/280 507/1509/280 509/1510/280 510/1511/280 511/1512/280 512/1513/280 513/1514/280 514/1515/280 515/1516/280 516/1517/280 517/1518/280 

g Mesh11 Group14 Group3 Group2 Group1 Model

v 4961.64 -83564.4 15933.7
vt -2770.91 411.568
vn -0.0615648 0.998103 1.02934e-12
v 4959.76 -83564.5 15933.2
vt -2770.83 411.548
v 4958.78 -83564.6 15933.2
vt -2770.79 411.548
v 4957.8 -83564.7 15933.2
vt -2770.76 411.548
v 4955.91 -83564.8 15933.7
vt -2770.68 411.568
v 4954.22 -83564.9 15934.7
vt -2770.61 411.607
v 4952.84 -83565 15936.1
vt -2770.56 411.661
v 4951.86 -83565 15937.8
vt -2770.52 411.728
v 4951.36 -83565.1 15939.7
vt -2770.5 411.802
v 4951.36 -83565.1 15941.6
vt -2770.5 411.879
v 4951.86 -83565 15943.5
vt -2770.52 411.954
v 4952.84 -83565 15945.2
vt -2770.56 412.021
v 4954.22 -83564.9 15946.6
vt -2770.61 412.075
v 4955.91 -83564.8 15947.6
vt -2770.68 412.114
v 4957.8 -83564.7 15948.1
vt -2770.76 412.134
v 4958.78 -83564.6 15948.1
vt -2770.79 412.134
v 4959.76 -83564.5 15948.1
vt -2770.83 412.134
v 4961.64 -83564.4 15947.6
vt -2770.91 412.114
v 4963.34 -83564.3 15946.6
vt -2770.97 412.075
v 4964.72 -83564.2 15945.2
vt -2771.03 412.021
v 4965.7 -83564.2 15943.5
vt -2771.07 411.954
v 4966.2 -83564.1 15941.6
vt -2771.09 411.879
v 4966.2 -83564.1 15939.7
vt -2771.09 411.802
v 4965.7 -83564.2 15937.8
vt -2771.07 411.728
v 4964.72 -83564.2 15936.1
vt -2771.03 411.661
v 4963.34 -83564.3 15934.7
vt -2770.97 411.607
f 521/1519/281 522/1520/281 523/1521/281 524/1522/281 525/1523/281 526/1524/281 527/1525/281 528/1526/281 529/1527/281 530/1528/281 531/1529/281 532/1530/281 533/1531/281 534/1532/281 535/1533/281 536/1534/281 537/1535/281 538/1536/281 539/1537/281 540/1538/281 541/1539/281 542/1540/281 543/1541/281 544/1542/281 545/1543/281 546/1544/281 

vt -3669.16 2782.94
vn 0.130279 0.00803582 -0.991445
vt -3669.16 2783.01
vn 0.381958 0.0235598 -0.92388
v 5007.43 -84306.7 15933.7
vt -3698.44 2783.01
v 5005.54 -84306.8 15933.2
vt -3698.44 2782.94
f 522/1545/282 521/1546/283 547/1547/283 548/1548/282 

vt -3669.16 2605.46
vt -3669.16 2605.54
vn 0.607607 0.0374783 -0.793353
v 5009.12 -84306.6 15934.7
vt -3698.44 2605.54
vt -3698.44 2605.46
f 521/1549/283 546/1550/284 549/1551/284 547/1552/283 

vt -3669.16 2250.42
vt -3669.16 2250.5
vn 0.791848 0.0488427 -0.608761
v 5010.5 -84306.5 15936.1
vt -3698.44 2250.5
vt -3698.44 2250.42
f 546/1553/284 545/1554/285 550/1555/285 549/1556/284 

vt -3669.16 1742.02
vt -3669.16 1742.1
vn 0.922127 0.0568785 -0.382683
v 5011.48 -84306.5 15937.8
vt -3698.44 1742.1
vt -3698.44 1742.02
f 545/1557/285 544/1558/286 551/1559/286 550/1560/285 

vt -3669.16 1114.9
vt -3669.16 1114.98
vn 0.989564 0.0610381 -0.130526
v 5011.99 -84306.4 15939.7
vt -3698.44 1114.98
vt -3698.44 1114.9
f 544/1561/286 543/1562/287 552/1563/287 551/1564/286 

vt -3669.16 411.802
vt -3669.16 411.879
vn 0.989564 0.0610381 0.130526
v 5011.99 -84306.4 15941.6
vt -3698.44 411.879
vt -3698.44 411.802
f 543/1565/287 542/1566/288 553/1567/288 552/1568/287 

vt -3669.16 -319.365
vt -3669.16 -319.288
vn 0.922127 0.0568785 0.382683
v 5011.48 -84306.5 15943.5
vt -3698.44 -319.288
vt -3698.44 -319.365
f 542/1569/288 541/1570/289 554/1571/289 553/1572/288 

vt -3669.16 -1028.77
vt -3669.16 -1028.69
vn 0.791848 0.0488427 0.608761
v 5010.5 -84306.5 15945.2
vt -3698.44 -1028.69
vt -3698.44 -1028.77
f 541/1573/289 540/1574/290 555/1575/290 554/1576/289 

vt -3669.16 -1668.07
vt -3669.16 -1667.99
vn 0.607607 0.0374783 0.793353
v 5009.12 -84306.6 15946.6
vt -3698.44 -1667.99
vt -3698.44 -1668.07
f 540/1577/290 539/1578/291 556/1579/291 555/1580/290 

vt -3669.16 -2193.7
vt -3669.16 -2193.62
vn 0.381958 0.0235598 0.92388
v 5007.43 -84306.7 15947.6
vt -3698.44 -2193.62
vt -3698.44 -2193.7
f 539/1581/291 538/1582/292 557/1583/292 556/1584/291 

vt -3669.16 -2569.83
vt -3669.16 -2569.75
vn 0.130279 0.00803582 0.991445
v 5005.54 -84306.8 15948.1
vt -3698.44 -2569.75
vt -3698.44 -2569.83
f 538/1585/292 537/1586/293 558/1587/293 557/1588/292 

vt 2991.43 -3491.62
vn 1.79409e-09 1.10679e-10 1
vt 2991.39 -3491.62
vn -0.130279 -0.00803582 0.991445
v 5003.59 -84307 15948.1
vt 2993.19 -3520.85
v 5004.56 -84306.9 15948.1
vt 2993.23 -3520.84
vt 2993.27 -3520.84
vt 2991.47 -3491.62
f 536/1589/294 535/1590/295 559/1591/295 560/1592/294 558/1593/293 537/1594/293 

vt 3669.16 2783.01
vt 3669.16 2782.94
vn -0.381958 -0.0235598 0.92388
v 5001.7 -84307.1 15947.6
vt 3698.44 2782.94
vt 3698.44 2783.01
f 535/1595/295 534/1596/296 561/1597/296 559/1598/295 

vt 3669.16 2605.54
vt 3669.16 2605.46
vn -0.607607 -0.0374783 0.793353
v 5000.01 -84307.2 15946.6
vt 3698.44 2605.46
vt 3698.44 2605.54
f 534/1599/296 533/1600/297 562/1601/297 561/1602/296 

vt 3669.16 2250.5
vt 3669.16 2250.42
vn -0.791848 -0.0488427 0.608761
v 4998.63 -84307.3 15945.2
vt 3698.44 2250.42
vt 3698.44 2250.5
f 533/1603/297 532/1604/298 563/1605/298 562/1606/297 

vt 3669.16 1742.1
vt 3669.16 1742.02
vn -0.922127 -0.0568785 0.382683
v 4997.65 -84307.3 15943.5
vt 3698.44 1742.02
vt 3698.44 1742.1
f 532/1607/298 531/1608/299 564/1609/299 563/1610/298 

vt 3669.16 1114.98
vt 3669.16 1114.9
vn -0.989564 -0.0610381 0.130526
v 4997.14 -84307.3 15941.6
vt 3698.44 1114.9
vt 3698.44 1114.98
f 531/1611/299 530/1612/300 565/1613/300 564/1614/299 

vt 3669.16 411.879
vt 3669.16 411.802
vn -0.989564 -0.0610381 -0.130526
v 4997.14 -84307.3 15939.7
vt 3698.44 411.802
vt 3698.44 411.879
f 530/1615/300 529/1616/301 566/1617/301 565/1618/300 

vt 3669.16 -319.288
vt 3669.16 -319.365
vn -0.922127 -0.0568785 -0.382683
v 4997.65 -84307.3 15937.8
vt 3698.44 -319.365
vt 3698.44 -319.288
f 529/1619/301 528/1620/302 567/1621/302 566/1622/301 

vt 3669.16 -1028.69
vt 3669.16 -1028.77
vn -0.791848 -0.0488427 -0.608761
v 4998.63 -84307.3 15936.1
vt 3698.44 -1028.77
vt 3698.44 -1028.69
f 528/1623/302 527/1624/303 568/1625/303 567/1626/302 

vt 3669.16 -1667.99
vt 3669.16 -1668.07
vn -0.607607 -0.0374783 -0.793353
v 5000.01 -84307.2 15934.7
vt 3698.44 -1668.07
vt 3698.44 -1667.99
f 527/1627/303 526/1628/304 569/1629/304 568/1630/303 

vt 3669.16 -2193.62
vt 3669.16 -2193.7
vn -0.381958 -0.0235598 -0.92388
v 5001.7 -84307.1 15933.7
vt 3698.44 -2193.7
vt 3698.44 -2193.62
f 526/1631/304 525/1632/305 570/1633/305 569/1634/304 

vt 3669.16 -2569.75
vt 3669.16 -2569.83
vn -0.130279 -0.00803582 -0.991445
v 5003.59 -84307 15933.2
vt 3698.44 -2569.83
vt 3698.44 -2569.75
f 525/1635/305 524/1636/306 571/1637/306 570/1638/305 

vt -2991.43 -3491.62
vn -1.79667e-09 -1.10814e-10 -1
vt -2991.47 -3491.62
vt -2993.27 -3520.84
v 5004.56 -84306.9 15933.2
vt -2993.23 -3520.84
vt -2993.19 -3520.85
vt -2991.39 -3491.62
f 523/1639/307 522/1640/282 548/1641/282 572/1642/307 571/1643/306 524/1644/306 

vt 2770.68 411.568
vn 0.0615648 -0.998103 5.55867e-14
vt 2770.76 411.548
vt 2770.79 411.548
vt 2770.83 411.548
vt 2770.91 411.568
vt 2770.97 411.607
vt 2771.03 411.661
vt 2771.07 411.728
vt 2771.09 411.802
vt 2771.09 411.879
vt 2771.07 411.954
vt 2771.03 412.021
vt 2770.97 412.075
vt 2770.91 412.114
vt 2770.83 412.134
vt 2770.79 412.134
vt 2770.76 412.134
vt 2770.68 412.114
vt 2770.61 412.075
vt 2770.56 412.021
vt 2770.52 411.954
vt 2770.5 411.879
vt 2770.5 411.802
vt 2770.52 411.728
vt 2770.56 411.661
vt 2770.61 411.607
f 570/1645/308 571/1646/308 572/1647/308 548/1648/308 547/1649/308 549/1650/308 550/1651/308 551/1652/308 552/1653/308 553/1654/308 554/1655/308 555/1656/308 556/1657/308 557/1658/308 558/1659/308 560/1660/308 559/1661/308 561/1662/308 562/1663/308 563/1664/308 564/1665/308 565/1666/308 566/1667/308 567/1668/308 568/1669/308 569/1670/308 

g Mesh12 Group15 Group3 Group2 Group1 Model

v 8535.98 -34173.8 15933.7
vt -3235.76 411.568
vn 0.0721795 0.997392 -2.33162e-12
v 8534.1 -34173.7 15933.2
vt -3235.69 411.548
v 8533.12 -34173.6 15933.2
vt -3235.65 411.548
v 8532.14 -34173.5 15933.2
vt -3235.61 411.548
v 8530.26 -34173.4 15933.7
vt -3235.54 411.568
v 8528.57 -34173.3 15934.7
vt -3235.47 411.607
v 8527.19 -34173.2 15936.1
vt -3235.42 411.661
v 8526.21 -34173.1 15937.8
vt -3235.38 411.728
v 8525.7 -34173.1 15939.7
vt -3235.36 411.802
v 8525.7 -34173.1 15941.6
vt -3235.36 411.879
v 8526.21 -34173.1 15943.5
vt -3235.38 411.954
v 8527.19 -34173.2 15945.2
vt -3235.42 412.021
v 8528.57 -34173.3 15946.6
vt -3235.47 412.075
v 8530.26 -34173.4 15947.6
vt -3235.54 412.114
v 8532.14 -34173.5 15948.1
vt -3235.61 412.134
v 8533.12 -34173.6 15948.1
vt -3235.65 412.134
v 8534.1 -34173.7 15948.1
vt -3235.69 412.134
v 8535.98 -34173.8 15947.6
vt -3235.76 412.114
v 8537.68 -34173.9 15946.6
vt -3235.83 412.075
v 8539.06 -34174 15945.2
vt -3235.89 412.021
v 8540.03 -34174.1 15943.5
vt -3235.92 411.954
v 8540.54 -34174.1 15941.6
vt -3235.94 411.879
v 8540.54 -34174.1 15939.7
vt -3235.94 411.802
v 8540.03 -34174.1 15937.8
vt -3235.92 411.728
v 8539.06 -34174 15936.1
vt -3235.89 411.661
v 8537.68 -34173.9 15934.7
vt -3235.83 411.607
f 573/1671/309 574/1672/309 575/1673/309 576/1674/309 577/1675/309 578/1676/309 579/1677/309 580/1678/309 581/1679/309 582/1680/309 583/1681/309 584/1682/309 585/1683/309 586/1684/309 587/1685/309 588/1686/309 589/1687/309 590/1688/309 591/1689/309 592/1690/309 593/1691/309 594/1692/309 595/1693/309 596/1694/309 597/1695/309 598/1696/309 

vt -1316.98 3231.95
vn 0.130186 -0.00942132 -0.991445
vt -1316.98 3232.03
vn 0.381685 -0.0276219 -0.92388
v 4961.64 -83564.8 15933.7
vt -3266.59 3232.03
v 4959.76 -83564.7 15933.2
vt -3266.59 3231.95
f 574/1697/310 573/1698/311 599/1699/311 600/1700/310 

vt -1316.98 3008.04
vt -1316.98 3008.11
vn 0.607174 -0.0439401 -0.793353
v 4963.33 -83564.9 15934.7
vt -3266.59 3008.11
vt -3266.59 3008.04
f 573/1701/311 598/1702/312 601/1703/312 599/1704/311 

vt -1316.98 2579.13
vt -1316.98 2579.2
vn 0.791284 -0.0572639 -0.608761
v 4964.71 -83565 15936.1
vt -3266.59 2579.2
vt -3266.59 2579.13
f 598/1705/312 597/1706/313 602/1707/313 601/1708/312 

vt -1316.98 1974.45
vt -1316.98 1974.53
vn 0.92147 -0.0666852 -0.382683
v 4965.69 -83565.1 15937.8
vt -3266.59 1974.53
vt -3266.59 1974.45
f 597/1709/313 596/1710/314 603/1711/314 602/1712/313 

vt -1316.98 1235.22
vt -1316.98 1235.29
vn 0.988859 -0.071562 -0.130526
v 4966.2 -83565.1 15939.7
vt -3266.59 1235.29
vt -3266.59 1235.22
f 596/1713/314 595/1714/315 604/1715/315 603/1716/314 

vt -1316.98 411.802
vt -1316.98 411.879
vn 0.988859 -0.071562 0.130526
v 4966.2 -83565.1 15941.6
vt -3266.59 411.879
vt -3266.59 411.802
f 595/1717/315 594/1718/316 605/1719/316 604/1720/315 

vt -1316.98 -439.679
vt -1316.98 -439.602
vn 0.92147 -0.0666852 0.382683
v 4965.69 -83565.1 15943.5
vt -3266.59 -439.602
vt -3266.59 -439.679
f 594/1721/316 593/1722/317 606/1723/317 605/1724/316 

vt -1316.98 -1261.2
vt -1316.98 -1261.12
vn 0.791284 -0.0572639 0.608761
v 4964.71 -83565 15945.2
vt -3266.59 -1261.12
vt -3266.59 -1261.2
f 593/1725/317 592/1726/318 607/1727/318 606/1728/317 

vt -1316.98 -1996.77
vt -1316.98 -1996.7
vn 0.607174 -0.0439401 0.793353
v 4963.33 -83564.9 15946.6
vt -3266.59 -1996.7
vt -3266.59 -1996.77
f 592/1729/318 591/1730/319 608/1731/319 607/1732/318 

vt -1316.98 -2596.27
vt -1316.98 -2596.2
vn 0.381685 -0.0276219 0.92388
v 4961.64 -83564.8 15947.6
vt -3266.59 -2596.2
vt -3266.59 -2596.27
f 591/1733/319 590/1734/320 609/1735/320 608/1736/319 

vt -1316.98 -3018.85
vt -1316.98 -3018.77
vn 0.130186 -0.00942132 0.991445
v 4959.76 -83564.7 15948.1
vt -3266.59 -3018.77
vt -3266.59 -3018.85
f 590/1737/320 589/1738/321 610/1739/321 609/1740/320 

vt 3132.15 -1547.09
vn 1.79266e-09 -1.26784e-10 1
vt 3132.11 -1547.09
vn -0.130186 0.00942132 0.991445
v 4957.8 -83564.5 15948.1
v 4958.78 -83564.6 15948.1
vt 3132.19 -1547.1
f 588/1741/322 587/1742/323 611/1590/323 612/1589/322 610/1594/321 589/1743/321 

vt 1316.98 3232.03
vt 1316.98 3231.95
vn -0.381685 0.0276219 0.92388
v 4955.92 -83564.4 15947.6
vt 3266.59 3231.95
vt 3266.59 3232.03
f 587/1744/323 586/1745/324 613/1746/324 611/1747/323 

vt 1316.98 3008.11
vt 1316.98 3008.04
vn -0.607174 0.0439401 0.793353
v 4954.23 -83564.3 15946.6
vt 3266.59 3008.04
vt 3266.59 3008.11
f 586/1748/324 585/1749/325 614/1750/325 613/1751/324 

vt 1316.98 2579.2
vt 1316.98 2579.13
vn -0.791284 0.0572639 0.608761
v 4952.84 -83564.2 15945.2
vt 3266.59 2579.13
vt 3266.59 2579.2
f 585/1752/325 584/1753/326 615/1754/326 614/1755/325 

vt 1316.98 1974.53
vt 1316.98 1974.45
vn -0.92147 0.0666852 0.382683
v 4951.87 -83564.1 15943.5
vt 3266.59 1974.45
vt 3266.59 1974.53
f 584/1756/326 583/1757/327 616/1758/327 615/1759/326 

vt 1316.98 1235.29
vt 1316.98 1235.22
vn -0.988859 0.071562 0.130526
v 4951.36 -83564.1 15941.6
vt 3266.59 1235.22
vt 3266.59 1235.29
f 583/1760/327 582/1761/328 617/1762/328 616/1763/327 

vt 1316.98 411.879
vt 1316.98 411.802
vn -0.988859 0.071562 -0.130526
v 4951.36 -83564.1 15939.7
vt 3266.59 411.802
vt 3266.59 411.879
f 582/1764/328 581/1765/329 618/1766/329 617/1767/328 

vt 1316.98 -439.602
vt 1316.98 -439.679
vn -0.92147 0.0666852 -0.382683
v 4951.87 -83564.1 15937.8
vt 3266.59 -439.679
vt 3266.59 -439.602
f 581/1768/329 580/1769/330 619/1770/330 618/1771/329 

vt 1316.98 -1261.12
vt 1316.98 -1261.2
vn -0.791284 0.0572639 -0.608761
v 4952.84 -83564.2 15936.1
vt 3266.59 -1261.2
vt 3266.59 -1261.12
f 580/1772/330 579/1773/331 620/1774/331 619/1775/330 

vt 1316.98 -1996.7
vt 1316.98 -1996.77
vn -0.607174 0.0439401 -0.793353
v 4954.23 -83564.3 15934.7
vt 3266.59 -1996.77
vt 3266.59 -1996.7
f 579/1776/331 578/1777/332 621/1778/332 620/1779/331 

vt 1316.98 -2596.2
vt 1316.98 -2596.27
vn -0.381685 0.0276219 -0.92388
v 4955.92 -83564.4 15933.7
vt 3266.59 -2596.27
vt 3266.59 -2596.2
f 578/1780/332 577/1781/333 622/1782/333 621/1783/332 

vt 1316.98 -3018.77
vt 1316.98 -3018.85
vn -0.130186 0.00942132 -0.991445
v 4957.8 -83564.5 15933.2
vt 3266.59 -3018.85
vt 3266.59 -3018.77
f 577/1784/333 576/1785/334 623/1786/334 622/1787/333 

vt -3132.15 -1547.09
vn -1.78935e-09 1.26546e-10 -1
vt -3132.19 -1547.1
v 4958.78 -83564.6 15933.2
vt -3132.11 -1547.09
f 575/1788/335 574/1789/310 600/1640/310 624/1639/335 623/1644/334 576/1790/334 

vt 3235.54 411.568
vn -0.0721795 -0.997392 1.47429e-12
vt 3235.61 411.548
vt 3235.65 411.548
vt 3235.69 411.548
vt 3235.76 411.568
vt 3235.83 411.607
vt 3235.89 411.661
vt 3235.92 411.728
vt 3235.94 411.802
vt 3235.94 411.879
vt 3235.92 411.954
vt 3235.89 412.021
vt 3235.83 412.075
vt 3235.76 412.114
vt 3235.69 412.134
vt 3235.65 412.134
vt 3235.61 412.134
vt 3235.54 412.114
vt 3235.47 412.075
vt 3235.42 412.021
vt 3235.38 411.954
vt 3235.36 411.879
vt 3235.36 411.802
vt 3235.38 411.728
vt 3235.42 411.661
vt 3235.47 411.607
f 622/1791/336 623/1792/336 624/1793/336 600/1794/336 599/1795/336 601/1796/336 602/1797/336 603/1798/336 604/1799/336 605/1800/336 606/1801/336 607/1802/336 608/1803/336 609/1804/336 610/1805/336 612/1806/336 611/1807/336 613/1808/336 614/1809/336 615/1810/336 616/1811/336 617/1812/336 618/1813/336 619/1814/336 620/1815/336 621/1816/336 

g Mesh13 Group16 Group3 Group2 Group1 Model

v 10829.3 -34173.7 15933.7
vt 3164.37 411.568
vn 0.0362372 -0.999343 -4.87148e-13
v 10831.2 -34173.6 15933.2
vt 3164.45 411.548
v 10832.2 -34173.6 15933.2
vt 3164.49 411.548
v 10833.2 -34173.6 15933.2
vt 3164.53 411.548
v 10835 -34173.5 15933.7
vt 3164.6 411.568
v 10836.7 -34173.4 15934.7
vt 3164.67 411.607
v 10838.1 -34173.4 15936.1
vt 3164.72 411.661
v 10839.1 -34173.4 15937.8
vt 3164.76 411.728
v 10839.6 -34173.3 15939.7
vt 3164.78 411.802
v 10839.6 -34173.3 15941.6
vt 3164.78 411.879
v 10839.1 -34173.4 15943.5
vt 3164.76 411.954
v 10838.1 -34173.4 15945.2
vt 3164.72 412.021
v 10836.7 -34173.4 15946.6
vt 3164.67 412.075
v 10835 -34173.5 15947.6
vt 3164.6 412.114
v 10833.2 -34173.6 15948.1
vt 3164.53 412.134
v 10832.2 -34173.6 15948.1
vt 3164.49 412.134
v 10831.2 -34173.6 15948.1
vt 3164.45 412.134
v 10829.3 -34173.7 15947.6
vt 3164.37 412.114
v 10827.6 -34173.8 15946.6
vt 3164.31 412.075
v 10826.2 -34173.8 15945.2
vt 3164.25 412.021
v 10825.2 -34173.9 15943.5
vt 3164.21 411.954
v 10824.7 -34173.9 15941.6
vt 3164.19 411.879
v 10824.7 -34173.9 15939.7
vt 3164.19 411.802
v 10825.2 -34173.9 15937.8
vt 3164.21 411.728
v 10826.2 -34173.8 15936.1
vt 3164.25 411.661
v 10827.6 -34173.8 15934.7
vt 3164.31 411.607
f 625/1817/337 626/1818/337 627/1819/337 628/1820/337 629/1821/337 630/1822/337 631/1823/337 632/1824/337 633/1825/337 634/1826/337 635/1827/337 636/1828/337 637/1829/337 638/1830/337 639/1831/337 640/1832/337 641/1833/337 642/1834/337 643/1835/337 644/1836/337 645/1837/337 646/1838/337 647/1839/337 648/1840/337 649/1841/337 650/1842/337 

vt 1662.86 -2950.11
vt 1662.86 -2950.03
v 10802.4 -33431.4 15933.7
vt 1633.62 -2950.03
v 10804.3 -33431.4 15933.2
vt 1633.62 -2950.11
f 626/1843/222 625/1844/221 651/1845/221 652/1846/222 

vt 1662.86 -2534.64
vt 1662.86 -2534.57
v 10800.7 -33431.5 15934.7
vt 1633.62 -2534.57
vt 1633.62 -2534.64
f 625/1847/221 650/1848/220 653/1849/220 651/1850/221 

vt 1662.86 -1946.45
vt 1662.86 -1946.38
v 10799.3 -33431.5 15936.1
vt 1633.62 -1946.38
vt 1633.62 -1946.45
f 650/1851/220 649/1852/219 654/1853/219 653/1854/220 

vt 1662.86 -1225.62
vt 1662.86 -1225.54
v 10798.3 -33431.6 15937.8
vt 1633.62 -1225.54
vt 1633.62 -1225.62
f 649/1855/219 648/1856/218 655/1857/218 654/1858/219 

vt 1662.86 -421.26
vt 1662.86 -421.183
v 10797.8 -33431.6 15939.7
vt 1633.62 -421.183
vt 1633.62 -421.26
f 648/1859/218 647/1860/217 656/1861/217 655/1862/218 

vt 1662.86 411.802
vt 1662.86 411.879
v 10797.8 -33431.6 15941.6
vt 1633.62 411.879
vt 1633.62 411.802
f 647/1863/217 646/1864/216 657/1865/216 656/1866/217 

vt 1662.86 1216.8
vt 1662.86 1216.88
v 10798.3 -33431.6 15943.5
vt 1633.62 1216.88
vt 1633.62 1216.8
f 646/1867/216 645/1868/215 658/1869/215 657/1870/216 

vt 1662.86 1938.87
vt 1662.86 1938.95
v 10799.3 -33431.5 15945.2
vt 1633.62 1938.95
vt 1633.62 1938.87
f 645/1871/215 644/1872/214 659/1873/214 658/1874/215 

vt 1662.86 2528.81
vt 1662.86 2528.88
v 10800.7 -33431.5 15946.6
vt 1633.62 2528.88
vt 1633.62 2528.81
f 644/1875/214 643/1876/213 660/1877/213 659/1878/214 

vt 1662.86 2946.41
vt 1662.86 2946.49
v 10802.4 -33431.4 15947.6
vt 1633.62 2946.49
vt 1633.62 2946.41
f 643/1879/213 642/1880/212 661/1881/212 660/1882/213 

vt 1662.86 3163.21
vt 1662.86 3163.29
v 10804.3 -33431.4 15948.1
vt 1633.62 3163.29
vt 1633.62 3163.21
f 642/1883/212 641/1884/211 662/1885/211 661/1886/212 

vn -1.79337e-09 -6.51028e-11 1
vt 3222.7 -1547.09
v 10806.2 -33431.3 15948.1
vt 3221.64 -1517.87
v 10805.3 -33431.3 15948.1
vt 3221.57 -1517.87
vt 3222.63 -1547.1
f 640/1440/338 639/1887/209 663/1888/209 664/530/338 662/1889/211 641/1890/211 

vt -1662.86 -2950.03
vt -1662.86 -2950.11
v 10808.1 -33431.2 15947.6
vt -1633.62 -2950.11
vt -1633.62 -2950.03
f 639/1891/209 638/1892/208 665/1893/208 663/1894/209 

vt -1662.86 -2534.57
vt -1662.86 -2534.64
v 10809.8 -33431.2 15946.6
vt -1633.62 -2534.64
vt -1633.62 -2534.57
f 638/1895/208 637/1896/207 666/1897/207 665/1898/208 

vt -1662.86 -1946.38
vt -1662.86 -1946.45
v 10811.2 -33431.1 15945.2
vt -1633.62 -1946.45
vt -1633.62 -1946.38
f 637/1899/207 636/1900/206 667/1901/206 666/1902/207 

vt -1662.86 -1225.54
vt -1662.86 -1225.62
v 10812.2 -33431.1 15943.5
vt -1633.62 -1225.62
vt -1633.62 -1225.54
f 636/1903/206 635/1904/205 668/1905/205 667/1906/206 

vt -1662.86 -421.183
vt -1662.86 -421.26
v 10812.7 -33431.1 15941.6
vt -1633.62 -421.26
vt -1633.62 -421.183
f 635/1907/205 634/1908/204 669/1909/204 668/1910/205 

vt -1662.86 411.879
vt -1662.86 411.802
v 10812.7 -33431.1 15939.7
vt -1633.62 411.802
vt -1633.62 411.879
f 634/1911/204 633/1912/203 670/1913/203 669/1914/204 

vt -1662.86 1216.88
vt -1662.86 1216.8
v 10812.2 -33431.1 15937.8
vt -1633.62 1216.8
vt -1633.62 1216.88
f 633/1915/203 632/1916/202 671/1917/202 670/1918/203 

vt -1662.86 1938.95
vt -1662.86 1938.87
v 10811.2 -33431.1 15936.1
vt -1633.62 1938.87
vt -1633.62 1938.95
f 632/1919/202 631/1920/201 672/1921/201 671/1922/202 

vt -1662.86 2528.88
vt -1662.86 2528.81
v 10809.8 -33431.2 15934.7
vt -1633.62 2528.81
vt -1633.62 2528.88
f 631/1923/201 630/1924/200 673/1925/200 672/1926/201 

vt -1662.86 2946.49
vt -1662.86 2946.41
v 10808.1 -33431.2 15933.7
vt -1633.62 2946.41
vt -1633.62 2946.49
f 630/1927/200 629/1928/199 674/1929/199 673/1930/200 

vt -1662.86 3163.29
vt -1662.86 3163.21
v 10806.2 -33431.3 15933.2
vt -1633.62 3163.21
vt -1633.62 3163.29
f 629/1931/199 628/1932/198 675/1933/198 674/1934/199 

vn 1.79522e-09 6.5099e-11 -1
vt -3222.63 -1547.1
vt -3221.57 -1517.87
v 10805.3 -33431.3 15933.2
vt -3221.64 -1517.87
vt -3222.7 -1547.09
f 627/1490/339 626/1935/222 652/1936/222 676/580/339 675/1937/198 628/1938/198 

vt -3164.6 411.568
vn -0.0362372 0.999343 4.98361e-14
vt -3164.53 411.548
vt -3164.49 411.548
vt -3164.45 411.548
vt -3164.37 411.568
vt -3164.31 411.607
vt -3164.25 411.661
vt -3164.21 411.728
vt -3164.19 411.802
vt -3164.19 411.879
vt -3164.21 411.954
vt -3164.25 412.021
vt -3164.31 412.075
vt -3164.37 412.114
vt -3164.45 412.134
vt -3164.49 412.134
vt -3164.53 412.134
vt -3164.6 412.114
vt -3164.67 412.075
vt -3164.72 412.021
vt -3164.76 411.954
vt -3164.78 411.879
vt -3164.78 411.802
vt -3164.76 411.728
vt -3164.72 411.661
vt -3164.67 411.607
f 674/1939/340 675/1940/340 676/1941/340 652/1942/340 651/1943/340 653/1944/340 654/1945/340 655/1946/340 656/1947/340 657/1948/340 658/1949/340 659/1950/340 660/1951/340 661/1952/340 662/1953/340 664/1954/340 663/1955/340 665/1956/340 666/1957/340 667/1958/340 668/1959/340 669/1960/340 670/1961/340 671/1962/340 672/1963/340 673/1964/340 

g Mesh14 Group17 Group3 Group2 Group1 Model

v 10878.5 -33425.8 14518.7
vt -3295.52 369.056
v 10876.6 -33425.7 14518.2
vt -3295.45 369.036
v 10875.7 -33425.7 14518.2
vt -3295.41 369.036
v 10874.7 -33425.6 14518.2
vt -3295.37 369.036
v 10872.8 -33425.6 14518.7
vt -3295.29 369.056
v 10871.1 -33425.5 14519.7
vt -3295.23 369.094
v 10869.7 -33425.4 14521.1
vt -3295.17 369.149
v 10868.7 -33425.4 14522.8
vt -3295.13 369.215
v 10868.2 -33425.4 14524.7
vt -3295.11 369.29
v 10868.2 -33425.4 14526.6
vt -3295.11 369.367
v 10868.7 -33425.4 14528.5
vt -3295.13 369.441
v 10869.7 -33425.5 14530.2
vt -3295.17 369.508
v 10871.1 -33425.6 14531.6
vt -3295.23 369.563
v 10872.8 -33425.7 14532.6
vt -3295.29 369.601
v 10874.7 -33425.8 14533.1
vt -3295.37 369.621
v 10875.6 -33425.8 14533.1
vt -3295.41 369.621
v 10876.6 -33425.9 14533.1
vt -3295.45 369.621
v 10878.5 -33426 14532.6
vt -3295.52 369.601
v 10880.2 -33426 14531.6
vt -3295.59 369.563
v 10881.6 -33426.1 14530.2
vt -3295.64 369.508
v 10882.6 -33426.1 14528.5
vt -3295.68 369.441
v 10883.1 -33426.1 14526.6
vt -3295.7 369.367
v 10883.1 -33426.1 14524.7
vt -3295.7 369.29
v 10882.6 -33426.1 14522.8
vt -3295.68 369.215
v 10881.6 -33426 14521.1
vt -3295.64 369.149
v 10880.2 -33425.9 14519.7
vt -3295.59 369.094
f 677/1965/225 678/1966/225 679/1967/225 680/1968/225 681/1969/225 682/1970/225 683/1971/225 684/1972/225 685/1973/225 686/1974/225 687/1975/225 688/1976/225 689/1977/225 690/1978/225 691/1979/225 692/1980/225 693/1981/225 694/1982/225 695/1983/225 696/1984/225 697/1985/225 698/1986/225 699/1987/225 700/1988/225 701/1989/225 702/1990/225 

vt -1475.34 3225.47
vt -1475.34 3225.54
v 10841.1 -34182.1 14511.3
vt -1505.14 3224.42
v 10839.2 -34182 14510.8
vt -1505.13 3224.35
f 678/1991/226 677/1992/227 703/1993/227 704/1994/226 

vt -1411.92 3011.6
vt -1411.92 3011.68
v 10842.8 -34182.2 14512.3
vt -1441.73 3011.1
vt -1441.73 3011.02
f 677/1995/227 702/1996/228 705/1997/228 703/1998/227 

vt -1388.56 2572.44
vt -1388.56 2572.52
v 10844.2 -34182.3 14513.7
vt -1418.37 2572.11
vt -1418.37 2572.03
f 702/1999/228 701/2000/229 706/2001/229 705/2002/228 

vt -1375.04 1952.17
vt -1375.04 1952.25
v 10845.2 -34182.4 14515.4
vt -1404.85 1951.91
vt -1404.85 1951.84
f 701/2003/229 700/2004/230 707/2005/230 706/2006/229 

vt -1365.12 1195.91
vt -1365.12 1195.99
v 10845.7 -34182.4 14517.3
vt -1394.93 1195.69
vt -1394.93 1195.61
f 700/2007/230 699/2008/231 708/2009/231 707/2010/230 

vt -1356.53 356.094
vt -1356.53 356.171
v 10845.7 -34182.4 14519.2
vt -1386.34 355.881
vt -1386.34 355.804
f 699/2011/231 698/2012/232 709/2013/232 708/2014/231 

vt -1347.92 -509.827
vt -1347.92 -509.75
v 10845.2 -34182.4 14521.1
vt -1377.73 -510.05
vt -1377.73 -510.127
f 698/2015/232 697/2016/233 710/2017/233 709/2018/232 

vt -1337.97 -1343.03
vt -1337.97 -1342.95
v 10844.2 -34182.4 14522.8
vt -1367.79 -1343.29
vt -1367.78 -1343.36
f 697/2019/233 696/2020/234 711/2021/234 710/2022/233 

vt -1324.37 -2087.53
vt -1324.37 -2087.45
v 10842.8 -34182.3 14524.2
vt -1354.18 -2087.86
vt -1354.18 -2087.94
f 696/2023/234 695/2024/235 712/2025/235 711/2026/234 

vt -1300.75 -2695.13
vt -1300.75 -2695.05
v 10841.1 -34182.3 14525.2
vt -1330.56 -2695.63
vt -1330.55 -2695.71
f 695/2027/235 694/2028/236 713/2029/236 712/2030/235 

vt -1235.92 -3136.27
vt -1235.92 -3136.19
v 10839.2 -34182.2 14525.7
vt -1265.71 -3137.31
vt -1265.71 -3137.39
f 694/2031/236 693/2032/237 714/2033/237 713/2034/236 

vt 3295.41 -1352.99
vt 3295.37 -1352.99
v 10837.3 -34182.1 14525.7
vt 3295.37 -1382.81
v 10838.2 -34182.1 14525.7
vt 3295.41 -1382.81
vt 3295.45 -1382.81
vt 3295.45 -1352.99
f 692/2035/238 691/2036/239 715/2037/239 716/2038/238 714/2039/237 693/2040/237 

vt 1475.34 3225.54
vt 1475.34 3225.47
v 10835.4 -34182 14525.2
vt 1505.13 3224.35
vt 1505.14 3224.42
f 691/2041/239 690/2042/240 717/2043/240 715/2044/239 

vt 1411.92 3011.68
vt 1411.92 3011.6
v 10833.7 -34181.9 14524.2
vt 1441.73 3011.02
vt 1441.73 3011.1
f 690/2045/240 689/2046/241 718/2047/241 717/2048/240 

vt 1388.56 2572.52
vt 1388.56 2572.44
v 10832.3 -34181.8 14522.8
vt 1418.37 2572.03
vt 1418.37 2572.11
f 689/2049/241 688/2050/242 719/2051/242 718/2052/241 

vt 1375.04 1952.25
vt 1375.04 1952.17
v 10831.3 -34181.7 14521.1
vt 1404.85 1951.84
vt 1404.85 1951.91
f 688/2053/242 687/2054/243 720/2055/243 719/2056/242 

vt 1365.12 1195.99
vt 1365.12 1195.91
v 10830.8 -34181.7 14519.2
vt 1394.93 1195.61
vt 1394.93 1195.69
f 687/2057/243 686/2058/244 721/2059/244 720/2060/243 

vt 1356.53 356.171
vt 1356.53 356.094
v 10830.8 -34181.7 14517.3
vt 1386.34 355.804
vt 1386.34 355.881
f 686/2061/244 685/2062/245 722/2063/245 721/2064/244 

vt 1347.92 -509.75
vt 1347.92 -509.827
v 10831.3 -34181.7 14515.4
vt 1377.73 -510.127
vt 1377.73 -510.05
f 685/2065/245 684/2066/246 723/2067/246 722/2068/245 

vt 1337.97 -1342.95
vt 1337.97 -1343.03
v 10832.3 -34181.7 14513.7
vt 1367.78 -1343.36
vt 1367.79 -1343.29
f 684/2069/246 683/2070/247 724/2071/247 723/2072/246 

vt 1324.37 -2087.45
vt 1324.37 -2087.53
v 10833.7 -34181.8 14512.3
vt 1354.18 -2087.94
vt 1354.18 -2087.86
f 683/2073/247 682/2074/248 725/2075/248 724/2076/247 

vt 1300.75 -2695.05
vt 1300.75 -2695.13
v 10835.4 -34181.8 14511.3
vt 1330.55 -2695.71
vt 1330.56 -2695.63
f 682/2077/248 681/2078/249 726/2079/249 725/2080/248 

vt 1235.92 -3136.19
vt 1235.92 -3136.27
v 10837.3 -34181.9 14510.8
vt 1265.71 -3137.39
vt 1265.71 -3137.31
f 681/2081/249 680/2082/250 727/2083/250 726/2084/249 

vt -3295.41 -1352.99
vt -3295.45 -1352.99
vt -3295.45 -1382.81
v 10838.3 -34182 14510.8
vt -3295.41 -1382.81
vt -3295.37 -1382.81
vt -3295.37 -1352.99
f 679/2085/251 678/2086/226 704/2087/226 728/2088/251 727/2089/250 680/2090/250 

vt 3295.29 369.056
vt 3295.37 369.036
vt 3295.41 369.036
vt 3295.45 369.036
vt 3295.52 369.056
vt 3295.59 369.094
vt 3295.64 369.149
vt 3295.68 369.215
vt 3295.7 369.29
vt 3295.7 369.367
vt 3295.68 369.441
vt 3295.64 369.508
vt 3295.59 369.563
vt 3295.52 369.601
vt 3295.45 369.621
vt 3295.41 369.621
vt 3295.37 369.621
vt 3295.29 369.601
vt 3295.23 369.563
vt 3295.17 369.508
vt 3295.13 369.441
vt 3295.11 369.367
vt 3295.11 369.29
vt 3295.13 369.215
vt 3295.17 369.149
vt 3295.23 369.094
f 726/2091/252 727/2092/252 728/2093/252 704/2094/252 703/2095/252 705/2096/252 706/2097/252 707/2098/252 708/2099/252 709/2100/252 710/2101/252 711/2102/252 712/2103/252 713/2104/252 714/2105/252 716/2106/252 715/2107/252 717/2108/252 718/2109/252 719/2110/252 720/2111/252 721/2112/252 722/2113/252 723/2114/252 724/2115/252 725/2116/252 

g Mesh15 Group18 Group3 Group2 Group1 Model

v 8490.2 -33431.2 15933.7
vt -3031.08 411.568
vn -0.0615648 0.998103 7.22866e-14
v 8488.31 -33431.3 15933.2
vt -3031 411.548
v 8487.34 -33431.3 15933.2
vt -3030.96 411.548
v 8486.36 -33431.4 15933.2
vt -3030.93 411.548
v 8484.47 -33431.5 15933.7
vt -3030.85 411.568
v 8482.78 -33431.6 15934.7
vt -3030.78 411.607
v 8481.4 -33431.7 15936.1
vt -3030.73 411.661
v 8480.42 -33431.8 15937.8
vt -3030.69 411.728
v 8479.91 -33431.8 15939.7
vt -3030.67 411.802
v 8479.91 -33431.8 15941.6
vt -3030.67 411.879
v 8480.42 -33431.8 15943.5
vt -3030.69 411.954
v 8481.4 -33431.7 15945.2
vt -3030.73 412.021
v 8482.78 -33431.6 15946.6
vt -3030.78 412.075
v 8484.47 -33431.5 15947.6
vt -3030.85 412.114
v 8486.36 -33431.4 15948.1
vt -3030.93 412.134
v 8487.34 -33431.3 15948.1
vt -3030.96 412.134
v 8488.31 -33431.3 15948.1
vt -3031 412.134
v 8490.2 -33431.2 15947.6
vt -3031.08 412.114
v 8491.89 -33431 15946.6
vt -3031.14 412.075
v 8493.27 -33431 15945.2
vt -3031.2 412.021
v 8494.25 -33430.9 15943.5
vt -3031.24 411.954
v 8494.76 -33430.9 15941.6
vt -3031.26 411.879
v 8494.76 -33430.9 15939.7
vt -3031.26 411.802
v 8494.25 -33430.9 15937.8
vt -3031.24 411.728
v 8493.27 -33431 15936.1
vt -3031.2 411.661
v 8491.89 -33431 15934.7
vt -3031.14 411.607
f 729/2117/341 730/2118/341 731/2119/341 732/2120/341 733/2121/341 734/2122/341 735/2123/341 736/2124/341 737/2125/341 738/2126/341 739/2127/341 740/2128/341 741/2129/341 742/2130/341 743/2131/341 744/2132/341 745/2133/341 746/2134/341 747/2135/341 748/2136/341 749/2137/341 750/2138/341 751/2139/341 752/2140/341 753/2141/341 754/2142/341 

vt -1707.71 3034.24
vt -1707.71 3034.32
v 8535.99 -34173.4 15933.7
vt -1736.99 3034.32
v 8534.1 -34173.6 15933.2
vt -1736.99 3034.24
f 730/2143/282 729/2144/283 755/2145/283 756/2146/282 

vt -1707.71 2830.77
vt -1707.71 2830.85
v 8537.68 -34173.3 15934.7
vt -1736.99 2830.85
vt -1736.99 2830.77
f 729/2147/283 754/2148/284 757/2149/284 755/2150/283 

vt -1707.71 2434.39
vt -1707.71 2434.47
v 8539.06 -34173.2 15936.1
vt -1736.99 2434.47
vt -1736.99 2434.39
f 754/2151/284 753/2152/285 758/2153/285 757/2154/284 

vt -1707.71 1872.11
vt -1707.71 1872.19
v 8540.04 -34173.2 15937.8
vt -1736.99 1872.19
vt -1736.99 1872.11
f 753/2155/285 752/2156/286 759/2157/286 758/2158/285 

vt -1707.71 1182.24
vt -1707.71 1182.32
v 8540.54 -34173.2 15939.7
vt -1736.99 1182.32
vt -1736.99 1182.24
f 752/2159/286 751/2160/287 760/2161/287 759/2162/286 

vt -1707.71 411.802
vt -1707.71 411.879
v 8540.54 -34173.2 15941.6
vt -1736.99 411.879
vt -1736.99 411.802
f 751/2163/287 750/2164/288 761/2165/288 760/2166/287 

vt -1707.71 -386.702
vt -1707.71 -386.625
v 8540.04 -34173.2 15943.5
vt -1736.99 -386.625
vt -1736.99 -386.702
f 750/2167/288 749/2168/289 762/2169/289 761/2170/288 

vt -1707.71 -1158.86
vt -1707.71 -1158.78
v 8539.06 -34173.2 15945.2
vt -1736.99 -1158.78
vt -1736.99 -1158.86
f 749/2171/289 748/2172/290 763/2173/290 762/2174/289 

vt -1707.71 -1852.04
vt -1707.71 -1851.96
v 8537.68 -34173.3 15946.6
vt -1736.99 -1851.96
vt -1736.99 -1852.04
f 748/2175/290 747/2176/291 764/2177/291 763/2178/290 

vt -1707.71 -2419.01
vt -1707.71 -2418.93
v 8535.99 -34173.4 15947.6
vt -1736.99 -2418.93
vt -1736.99 -2419.01
f 747/2179/291 746/2180/292 765/2181/292 764/2182/291 

vt -1707.71 -2821.13
vt -1707.71 -2821.06
v 8534.1 -34173.6 15948.1
vt -1736.99 -2821.06
vt -1736.99 -2821.13
f 746/2183/292 745/2184/293 766/2185/293 765/2186/292 

vn 1.79041e-09 1.105e-10 1
vt 3130.31 -1517.87
v 8532.14 -34173.7 15948.1
vt 3132.11 -1547.1
v 8533.12 -34173.6 15948.1
vt 3132.19 -1547.09
vt 3130.39 -1517.87
f 744/679/342 743/2187/295 767/2188/295 768/1741/342 766/2189/293 745/2190/293 

vt 1707.71 3034.32
vt 1707.71 3034.24
v 8530.26 -34173.8 15947.6
vt 1736.99 3034.24
vt 1736.99 3034.32
f 743/2191/295 742/2192/296 769/2193/296 767/2194/295 

vt 1707.71 2830.85
vt 1707.71 2830.77
v 8528.56 -34173.9 15946.6
vt 1736.99 2830.77
vt 1736.99 2830.85
f 742/2195/296 741/2196/297 770/2197/297 769/2198/296 

vt 1707.71 2434.47
vt 1707.71 2434.39
v 8527.18 -34174 15945.2
vt 1736.99 2434.39
vt 1736.99 2434.47
f 741/2199/297 740/2200/298 771/2201/298 770/2202/297 

vt 1707.71 1872.19
vt 1707.71 1872.11
v 8526.21 -34174 15943.5
vt 1736.99 1872.11
vt 1736.99 1872.19
f 740/2203/298 739/2204/299 772/2205/299 771/2206/298 

vt 1707.71 1182.32
vt 1707.71 1182.24
v 8525.7 -34174.1 15941.6
vt 1736.99 1182.24
vt 1736.99 1182.32
f 739/2207/299 738/2208/300 773/2209/300 772/2210/299 

vt 1707.71 411.879
vt 1707.71 411.802
v 8525.7 -34174.1 15939.7
vt 1736.99 411.802
vt 1736.99 411.879
f 738/2211/300 737/2212/301 774/2213/301 773/2214/300 

vt 1707.71 -386.625
vt 1707.71 -386.702
v 8526.21 -34174 15937.8
vt 1736.99 -386.702
vt 1736.99 -386.625
f 737/2215/301 736/2216/302 775/2217/302 774/2218/301 

vt 1707.71 -1158.78
vt 1707.71 -1158.86
v 8527.18 -34174 15936.1
vt 1736.99 -1158.86
vt 1736.99 -1158.78
f 736/2219/302 735/2220/303 776/2221/303 775/2222/302 

vt 1707.71 -1851.96
vt 1707.71 -1852.04
v 8528.56 -34173.9 15934.7
vt 1736.99 -1852.04
vt 1736.99 -1851.96
f 735/2223/303 734/2224/304 777/2225/304 776/2226/303 

vt 1707.71 -2418.93
vt 1707.71 -2419.01
v 8530.26 -34173.8 15933.7
vt 1736.99 -2419.01
vt 1736.99 -2418.93
f 734/2227/304 733/2228/305 778/2229/305 777/2230/304 

vt 1707.71 -2821.06
vt 1707.71 -2821.13
v 8532.14 -34173.7 15933.2
vt 1736.99 -2821.13
vt 1736.99 -2821.06
f 733/2231/305 732/2232/306 779/2233/306 778/2234/305 

vn -1.79961e-09 -1.10988e-10 -1
vt -3130.39 -1517.87
vt -3132.19 -1547.09
v 8533.12 -34173.6 15933.2
vt -3132.11 -1547.1
vt -3130.31 -1517.87
f 731/729/343 730/2235/282 756/2236/282 780/1788/343 779/2237/306 732/2238/306 

vt 3030.85 411.568
vn 0.0615648 -0.998103 2.2579e-13
vt 3030.93 411.548
vt 3030.96 411.548
vt 3031 411.548
vt 3031.08 411.568
vt 3031.14 411.607
vt 3031.2 411.661
vt 3031.24 411.728
vt 3031.26 411.802
vt 3031.26 411.879
vt 3031.24 411.954
vt 3031.2 412.021
vt 3031.14 412.075
vt 3031.08 412.114
vt 3031 412.134
vt 3030.96 412.134
vt 3030.93 412.134
vt 3030.85 412.114
vt 3030.78 412.075
vt 3030.73 412.021
vt 3030.69 411.954
vt 3030.67 411.879
vt 3030.67 411.802
vt 3030.69 411.728
vt 3030.73 411.661
vt 3030.78 411.607
f 778/2239/344 779/2240/344 780/2241/344 756/2242/344 755/2243/344 757/2244/344 758/2245/344 759/2246/344 760/2247/344 761/2248/344 762/2249/344 763/2250/344 764/2251/344 765/2252/344 766/2253/344 768/2254/344 767/2255/344 769/2256/344 770/2257/344 771/2258/344 772/2259/344 773/2260/344 774/2261/344 775/2262/344 776/2263/344 777/2264/344 

g Mesh16 Group19 Group3 Group2 Group1 Model

v 7300.75 -84307 15933.7
vt 2954.02 411.568
vn 0.0362372 -0.999343 -7.07666e-13
v 7302.64 -84306.9 15933.2
vt 2954.1 411.548
v 7303.62 -84306.9 15933.2
vt 2954.14 411.548
v 7304.6 -84306.9 15933.2
vt 2954.17 411.548
v 7306.49 -84306.8 15933.7
vt 2954.25 411.568
v 7308.18 -84306.7 15934.7
vt 2954.32 411.607
v 7309.56 -84306.7 15936.1
vt 2954.37 411.661
v 7310.54 -84306.6 15937.8
vt 2954.41 411.728
v 7311.05 -84306.6 15939.7
vt 2954.43 411.802
v 7311.05 -84306.6 15941.6
vt 2954.43 411.879
v 7310.54 -84306.6 15943.5
vt 2954.41 411.954
v 7309.56 -84306.7 15945.2
vt 2954.37 412.021
v 7308.18 -84306.7 15946.6
vt 2954.32 412.075
v 7306.49 -84306.8 15947.6
vt 2954.25 412.114
v 7304.6 -84306.9 15948.1
vt 2954.17 412.134
v 7303.62 -84306.9 15948.1
vt 2954.14 412.134
v 7302.64 -84306.9 15948.1
vt 2954.1 412.134
v 7300.75 -84307 15947.6
vt 2954.02 412.114
v 7299.05 -84307.1 15946.6
vt 2953.96 412.075
v 7297.67 -84307.1 15945.2
vt 2953.9 412.021
v 7296.69 -84307.1 15943.5
vt 2953.86 411.954
v 7296.19 -84307.2 15941.6
vt 2953.84 411.879
v 7296.19 -84307.2 15939.7
vt 2953.84 411.802
v 7296.69 -84307.1 15937.8
vt 2953.86 411.728
v 7297.67 -84307.1 15936.1
vt 2953.9 411.661
v 7299.05 -84307.1 15934.7
vt 2953.96 411.607
f 781/2265/345 782/2266/345 783/2267/345 784/2268/345 785/2269/345 786/2270/345 787/2271/345 788/2272/345 789/2273/345 790/2274/345 791/2275/345 792/2276/345 793/2277/345 794/2278/345 795/2279/345 796/2280/345 797/2281/345 798/2282/345 799/2283/345 800/2284/345 801/2285/345 802/2286/345 803/2287/345 804/2288/345 805/2289/345 806/2290/345 

vt 3630.28 -2746.92
vt 3630.28 -2746.84
v 7273.83 -83564.7 15933.7
vt 3601.04 -2746.84
v 7275.72 -83564.6 15933.2
vt 3601.04 -2746.92
f 782/2291/222 781/2292/221 807/2293/221 808/2294/222 

vt 3630.28 -2352.47
vt 3630.28 -2352.4
v 7272.14 -83564.8 15934.7
vt 3601.04 -2352.4
vt 3601.04 -2352.47
f 781/2295/221 806/2296/220 809/2297/220 807/2298/221 

vt 3630.28 -1797.71
vt 3630.28 -1797.64
v 7270.75 -83564.8 15936.1
vt 3601.04 -1797.64
vt 3601.04 -1797.71
f 806/2299/220 805/2300/219 810/2301/219 809/2302/220 

vt 3630.28 -1120.44
vt 3630.28 -1120.36
v 7269.78 -83564.9 15937.8
vt 3601.04 -1120.36
vt 3601.04 -1120.44
f 805/2303/219 804/2304/218 811/2305/218 810/2306/219 

vt 3630.28 -366.817
vt 3630.28 -366.74
v 7269.27 -83564.9 15939.7
vt 3601.04 -366.74
vt 3601.04 -366.817
f 804/2307/218 803/2308/217 812/2309/217 811/2310/218 

vt 3630.28 411.802
vt 3630.28 411.879
v 7269.27 -83564.9 15941.6
vt 3601.04 411.879
vt 3601.04 411.802
f 803/2311/217 802/2312/216 813/2313/216 812/2314/217 

vt 3630.28 1162.36
vt 3630.28 1162.43
v 7269.78 -83564.9 15943.5
vt 3601.04 1162.43
vt 3601.04 1162.36
f 802/2315/216 801/2316/215 814/2317/215 813/2318/216 

vt 3630.28 1833.69
vt 3630.28 1833.77
v 7270.75 -83564.8 15945.2
vt 3601.04 1833.77
vt 3601.04 1833.69
f 801/2319/215 800/2320/214 815/2321/214 814/2322/215 

vt 3630.28 2380.07
vt 3630.28 2380.14
v 7272.14 -83564.8 15946.6
vt 3601.04 2380.14
vt 3601.04 2380.07
f 800/2323/214 799/2324/213 816/2325/213 815/2326/214 

vt 3630.28 2764.24
vt 3630.28 2764.32
v 7273.83 -83564.7 15947.6
vt 3601.04 2764.32
vt 3601.04 2764.24
f 799/2327/213 798/2328/212 817/2329/212 816/2330/213 

vt 3630.28 2960.03
vt 3630.28 2960.11
v 7275.72 -83564.6 15948.1
vt 3601.04 2960.11
vt 3601.04 2960.03
f 798/2331/212 797/2332/211 818/2333/211 817/2334/212 

vt 3083.75 -3520.84
vn -1.79596e-09 -6.50467e-11 1
vt 3083.78 -3520.84
v 7277.68 -83564.6 15948.1
v 7276.7 -83564.6 15948.1
vt 3083.71 -3520.85
f 796/2335/346 795/2336/209 819/1438/209 820/1437/346 818/1442/211 797/2337/211 

vt -3630.28 -2746.84
vt -3630.28 -2746.92
v 7279.57 -83564.5 15947.6
vt -3601.04 -2746.92
vt -3601.04 -2746.84
f 795/2338/209 794/2339/208 821/2340/208 819/2341/209 

vt -3630.28 -2352.4
vt -3630.28 -2352.47
v 7281.26 -83564.4 15946.6
vt -3601.04 -2352.47
vt -3601.04 -2352.4
f 794/2342/208 793/2343/207 822/2344/207 821/2345/208 

vt -3630.28 -1797.64
vt -3630.28 -1797.71
v 7282.65 -83564.4 15945.2
vt -3601.04 -1797.71
vt -3601.04 -1797.64
f 793/2346/207 792/2347/206 823/2348/206 822/2349/207 

vt -3630.28 -1120.36
vt -3630.28 -1120.44
v 7283.63 -83564.4 15943.5
vt -3601.04 -1120.44
vt -3601.04 -1120.36
f 792/2350/206 791/2351/205 824/2352/205 823/2353/206 

vt -3630.28 -366.74
vt -3630.28 -366.817
v 7284.13 -83564.3 15941.6
vt -3601.04 -366.817
vt -3601.04 -366.74
f 791/2354/205 790/2355/204 825/2356/204 824/2357/205 

vt -3630.28 411.879
vt -3630.28 411.802
v 7284.13 -83564.3 15939.7
vt -3601.04 411.802
vt -3601.04 411.879
f 790/2358/204 789/2359/203 826/2360/203 825/2361/204 

vt -3630.28 1162.43
vt -3630.28 1162.36
v 7283.63 -83564.4 15937.8
vt -3601.04 1162.36
vt -3601.04 1162.43
f 789/2362/203 788/2363/202 827/2364/202 826/2365/203 

vt -3630.28 1833.77
vt -3630.28 1833.69
v 7282.65 -83564.4 15936.1
vt -3601.04 1833.69
vt -3601.04 1833.77
f 788/2366/202 787/2367/201 828/2368/201 827/2369/202 

vt -3630.28 2380.14
vt -3630.28 2380.07
v 7281.26 -83564.4 15934.7
vt -3601.04 2380.07
vt -3601.04 2380.14
f 787/2370/201 786/2371/200 829/2372/200 828/2373/201 

vt -3630.28 2764.32
vt -3630.28 2764.24
v 7279.57 -83564.5 15933.7
vt -3601.04 2764.24
vt -3601.04 2764.32
f 786/2374/200 785/2375/199 830/2376/199 829/2377/200 

vt -3630.28 2960.11
vt -3630.28 2960.03
v 7277.68 -83564.6 15933.2
vt -3601.04 2960.03
vt -3601.04 2960.11
f 785/2378/199 784/2379/198 831/2380/198 830/2381/199 

vt -3083.75 -3520.84
vn 1.786e-09 6.47773e-11 -1
vt -3083.71 -3520.85
v 7276.7 -83564.6 15933.2
vt -3083.78 -3520.84
f 783/2382/347 782/2383/222 808/1488/222 832/1487/347 831/1492/198 784/2384/198 

vt -2954.25 411.568
vn -0.0362372 0.999343 7.42231e-13
vt -2954.17 411.548
vt -2954.14 411.548
vt -2954.1 411.548
vt -2954.02 411.568
vt -2953.96 411.607
vt -2953.9 411.661
vt -2953.86 411.728
vt -2953.84 411.802
vt -2953.84 411.879
vt -2953.86 411.954
vt -2953.9 412.021
vt -2953.96 412.075
vt -2954.02 412.114
vt -2954.1 412.134
vt -2954.14 412.134
vt -2954.17 412.134
vt -2954.25 412.114
vt -2954.32 412.075
vt -2954.37 412.021
vt -2954.41 411.954
vt -2954.43 411.879
vt -2954.43 411.802
vt -2954.41 411.728
vt -2954.37 411.661
vt -2954.32 411.607
f 830/2385/348 831/2386/348 832/2387/348 808/2388/348 807/2389/348 809/2390/348 810/2391/348 811/2392/348 812/2393/348 813/2394/348 814/2395/348 815/2396/348 816/2397/348 817/2398/348 818/2399/348 820/2400/348 819/2401/348 821/2402/348 822/2403/348 823/2404/348 824/2405/348 825/2406/348 826/2407/348 827/2408/348 828/2409/348 829/2410/348 

g Mesh17 Group20 Group3 Group2 Group1 Model

v 10841.1 -34182.2 14511.3
vt -3323.71 355.569
vn 0.0702098 0.997532 -3.08966e-12
v 10839.2 -34182.1 14510.8
vt -3323.63 355.549
v 10838.2 -34182 14510.8
vt -3323.6 355.549
v 10837.3 -34182 14510.8
vt -3323.56 355.549
v 10835.4 -34181.8 14511.3
vt -3323.48 355.569
v 10833.7 -34181.7 14512.3
vt -3323.42 355.608
v 10832.3 -34181.6 14513.7
vt -3323.36 355.662
v 10831.3 -34181.6 14515.4
vt -3323.32 355.729
v 10830.8 -34181.5 14517.3
vt -3323.3 355.804
v 10830.8 -34181.5 14519.2
vt -3323.3 355.881
v 10831.3 -34181.6 14521.1
vt -3323.32 355.955
v 10832.3 -34181.6 14522.8
vt -3323.36 356.022
v 10833.7 -34181.7 14524.2
vt -3323.42 356.076
v 10835.4 -34181.8 14525.2
vt -3323.48 356.115
v 10837.3 -34182 14525.7
vt -3323.56 356.135
v 10838.2 -34182 14525.7
vt -3323.6 356.135
v 10839.2 -34182.1 14525.7
vt -3323.63 356.135
v 10841.1 -34182.2 14525.2
vt -3323.71 356.115
v 10842.8 -34182.4 14524.2
vt -3323.78 356.076
v 10844.2 -34182.5 14522.8
vt -3323.83 356.022
v 10845.2 -34182.5 14521.1
vt -3323.87 355.955
v 10845.7 -34182.6 14519.2
vt -3323.89 355.881
v 10845.7 -34182.6 14517.3
vt -3323.89 355.804
v 10845.2 -34182.5 14515.4
vt -3323.87 355.729
v 10844.2 -34182.5 14513.7
vt -3323.83 355.662
v 10842.8 -34182.4 14512.3
vt -3323.78 355.608
f 833/2411/349 834/2412/349 835/2413/349 836/2414/349 837/2415/349 838/2416/349 839/2417/349 840/2418/349 841/2419/349 842/2420/349 843/2421/349 844/2422/349 845/2423/349 846/2424/349 847/2425/349 848/2426/349 849/2427/349 850/2428/349 851/2429/349 852/2430/349 853/2431/349 854/2432/349 855/2433/349 856/2434/349 857/2435/349 858/2436/349 

vt -1317.33 3302.41
vn 0.130204 -0.00916422 -0.991445
vt -1317.33 3302.48
vn 0.381739 -0.0268681 -0.92388
v 7312.56 -84315.5 14511.3
vt -3295.96 3302.48
v 7310.67 -84315.4 14510.8
vt -3295.96 3302.41
f 834/2437/350 833/2438/351 859/2439/351 860/2440/350 

vt -1317.33 3056.2
vt -1317.33 3056.28
vn 0.607259 -0.042741 -0.793353
v 7314.25 -84315.6 14512.3
vt -3295.96 3056.28
vt -3295.96 3056.2
f 833/2441/351 858/2442/352 861/2443/352 859/2444/351 

vt -1317.33 2601.72
vt -1317.33 2601.79
vn 0.791396 -0.0557012 -0.608761
v 7315.63 -84315.7 14513.7
vt -3295.96 2601.79
vt -3295.96 2601.72
f 858/2445/352 857/2446/353 862/2447/353 861/2448/352 

vt -1317.33 1969.93
vt -1317.33 1970.01
vn 0.9216 -0.0648654 -0.382683
v 7316.6 -84315.8 14515.4
vt -3295.96 1970.01
vt -3295.96 1969.93
f 857/2449/353 856/2450/354 863/2451/354 862/2452/353 

vt -1317.33 1203.89
vt -1317.33 1203.97
vn 0.988998 -0.0696092 -0.130526
v 7317.11 -84315.8 14517.3
vt -3295.96 1203.97
vt -3295.96 1203.89
f 856/2453/354 855/2454/355 864/2455/355 863/2456/354 

vt -1317.33 355.804
vt -1317.33 355.881
vn 0.988998 -0.0696092 0.130526
v 7317.11 -84315.8 14519.2
vt -3295.96 355.881
vt -3295.96 355.804
f 855/2457/355 854/2458/356 865/2459/356 864/2460/355 

vt -1317.33 -516.531
vt -1317.33 -516.454
vn 0.9216 -0.0648654 0.382683
v 7316.6 -84315.8 14521.1
vt -3295.96 -516.454
vt -3295.96 -516.531
f 854/2461/356 853/2462/357 866/2463/357 865/2464/356 

vt -1317.33 -1353.67
vt -1317.33 -1353.59
vn 0.791396 -0.0557012 0.608761
v 7315.63 -84315.7 14522.8
vt -3295.96 -1353.59
vt -3295.96 -1353.67
f 853/2465/357 852/2466/358 867/2467/358 866/2468/357 

vt -1317.33 -2098.56
vt -1317.33 -2098.48
vn 0.607259 -0.042741 0.793353
v 7314.25 -84315.6 14524.2
vt -3295.96 -2098.48
vt -3295.96 -2098.56
f 852/2469/358 851/2470/359 868/2471/359 867/2472/358 

vt -1317.33 -2700.44
vt -1317.33 -2700.36
vn 0.381739 -0.0268681 0.92388
v 7312.56 -84315.5 14525.2
vt -3295.96 -2700.36
vt -3295.96 -2700.44
f 851/2473/359 850/2474/360 869/2475/360 868/2476/359 

vt -1317.33 -3118.29
vt -1317.33 -3118.21
vn 0.130204 -0.00916422 0.991445
v 7310.67 -84315.4 14525.7
vt -3295.96 -3118.21
vt -3295.96 -3118.29
f 850/2477/360 849/2478/361 870/2479/361 869/2480/360 

vt 3222.91 -1547.43
vn 1.7929e-09 -1.23289e-10 1
vt 3222.87 -1547.42
vn -0.130204 0.00916422 0.991445
v 7308.72 -84315.3 14525.7
vt 3083.95 -3521.17
v 7309.69 -84315.3 14525.7
vt 3083.99 -3521.18
vt 3084.02 -3521.18
vt 3222.94 -1547.43
f 848/2481/362 847/2482/363 871/2483/363 872/2484/362 870/2485/361 849/2486/361 

vt 1317.33 3302.48
vt 1317.33 3302.41
vn -0.381739 0.0268681 0.92388
v 7306.83 -84315.1 14525.2
vt 3295.96 3302.41
vt 3295.96 3302.48
f 847/2487/363 846/2488/364 873/2489/364 871/2490/363 

vt 1317.33 3056.28
vt 1317.33 3056.2
vn -0.607259 0.042741 0.793353
v 7305.14 -84315 14524.2
vt 3295.96 3056.2
vt 3295.96 3056.28
f 846/2491/364 845/2492/365 874/2493/365 873/2494/364 

vt 1317.33 2601.79
vt 1317.33 2601.72
vn -0.791396 0.0557012 0.608761
v 7303.76 -84314.9 14522.8
vt 3295.96 2601.72
vt 3295.96 2601.79
f 845/2495/365 844/2496/366 875/2497/366 874/2498/365 

vt 1317.33 1970.01
vt 1317.33 1969.93
vn -0.9216 0.0648654 0.382683
v 7302.78 -84314.8 14521.1
vt 3295.96 1969.93
vt 3295.96 1970.01
f 844/2499/366 843/2500/367 876/2501/367 875/2502/366 

vt 1317.33 1203.97
vt 1317.33 1203.89
vn -0.988998 0.0696092 0.130526
v 7302.28 -84314.8 14519.2
vt 3295.96 1203.89
vt 3295.96 1203.97
f 843/2503/367 842/2504/368 877/2505/368 876/2506/367 

vt 1317.33 355.881
vt 1317.33 355.804
vn -0.988998 0.0696092 -0.130526
v 7302.28 -84314.8 14517.3
vt 3295.96 355.804
vt 3295.96 355.881
f 842/2507/368 841/2508/369 878/2509/369 877/2510/368 

vt 1317.33 -516.454
vt 1317.33 -516.531
vn -0.9216 0.0648654 -0.382683
v 7302.78 -84314.8 14515.4
vt 3295.96 -516.531
vt 3295.96 -516.454
f 841/2511/369 840/2512/370 879/2513/370 878/2514/369 

vt 1317.33 -1353.59
vt 1317.33 -1353.67
vn -0.791396 0.0557012 -0.608761
v 7303.76 -84314.9 14513.7
vt 3295.96 -1353.67
vt 3295.96 -1353.59
f 840/2515/370 839/2516/371 880/2517/371 879/2518/370 

vt 1317.33 -2098.48
vt 1317.33 -2098.56
vn -0.607259 0.042741 -0.793353
v 7305.14 -84315 14512.3
vt 3295.96 -2098.56
vt 3295.96 -2098.48
f 839/2519/371 838/2520/372 881/2521/372 880/2522/371 

vt 1317.33 -2700.36
vt 1317.33 -2700.44
vn -0.381739 0.0268681 -0.92388
v 7306.83 -84315.1 14511.3
vt 3295.96 -2700.44
vt 3295.96 -2700.36
f 838/2523/372 837/2524/373 882/2525/373 881/2526/372 

vt 1317.33 -3118.21
vt 1317.33 -3118.29
vn -0.130204 0.00916422 -0.991445
v 7308.72 -84315.3 14510.8
vt 3295.96 -3118.29
vt 3295.96 -3118.21
f 837/2527/373 836/2528/374 883/2529/374 882/2530/373 

vt -3222.91 -1547.43
vn -1.78702e-09 1.22874e-10 -1
vt -3222.94 -1547.43
vt -3084.02 -3521.18
v 7309.69 -84315.3 14510.8
vt -3083.99 -3521.18
vt -3083.95 -3521.17
vt -3222.87 -1547.42
f 835/2531/375 834/2532/350 860/2533/350 884/2534/375 883/2535/374 836/2536/374 

vt 3323.48 355.569
vn -0.0702098 -0.997532 2.80791e-12
vt 3323.56 355.549
vt 3323.6 355.549
vt 3323.63 355.549
vt 3323.71 355.569
vt 3323.78 355.608
vt 3323.83 355.662
vt 3323.87 355.729
vt 3323.89 355.804
vt 3323.89 355.881
vt 3323.87 355.955
vt 3323.83 356.022
vt 3323.78 356.076
vt 3323.71 356.115
vt 3323.63 356.135
vt 3323.6 356.135
vt 3323.56 356.135
vt 3323.48 356.115
vt 3323.42 356.076
vt 3323.36 356.022
vt 3323.32 355.955
vt 3323.3 355.881
vt 3323.3 355.804
vt 3323.32 355.729
vt 3323.36 355.662
vt 3323.42 355.608
f 882/2537/376 883/2538/376 884/2539/376 860/2540/376 859/2541/376 861/2542/376 862/2543/376 863/2544/376 864/2545/376 865/2546/376 866/2547/376 867/2548/376 868/2549/376 869/2550/376 870/2551/376 872/2552/376 871/2553/376 873/2554/376 874/2555/376 875/2556/376 876/2557/376 877/2558/376 878/2559/376 879/2560/376 880/2561/376 881/2562/376 

g Mesh18 G_6_1_1 Electrical_Subtransmission5_1 Group3 Group2 Group1 Model

usemtl Asphalt_Painted_White
v 8347.58 -33917.1 15158.4
vt 0 0.25
vn 0 0 1
v 8347.58 -34046.6 15158.4
vt 0 0
v 11054.2 -34046.6 15158.4
vt 5.22357 0
v 11054.2 -33917.1 15158.4
vt 5.22357 0.25
f 885/2563/377 886/2564/377 887/2565/377 888/2566/377 

vt -0.25 0.25
vn -1 0 0
v 8347.58 -33917.1 15028.9
vt -0.25 0
v 8347.58 -34046.6 15028.9
f 885/2567/378 889/2568/378 890/2564/378 886/2563/378 

vn 0 1 0
vt -5.22357 0.25
v 11054.2 -33917.1 15028.9
vt -5.22357 0
f 889/2564/379 885/2563/379 888/2569/379 891/2570/379 

vt 0.25 0
vn 1 0 0
vt 0.25 0.25
v 11054.2 -34046.6 15028.9
f 891/2571/380 888/2572/380 887/2563/380 892/2564/380 

vn 0 -1 0
f 886/2563/381 890/2564/381 892/2565/381 887/2566/381 

vn 0 0 -1
f 890/2564/382 889/2563/382 891/2569/382 892/2570/382 

g Mesh19 pole2_1 Electrical_Subtransmission5_1 Group3 Group2 Group1 Model

v 9817.73 -33831.1 15547
vt 0.744705 0.487464
v 9790.45 -33732.8 15547
vt 0.637964 0.709113
v 9696.62 -33692.9 15547
vt 0.39812 0.763856
v 9606.89 -33741.3 15547
vt 0.20578 0.61047
v 9588.83 -33841.7 15547
vt 0.20578 0.364458
v 9656.04 -33918.4 15547
vt 0.39812 0.211072
v 9757.91 -33913.7 15547
vt 0.637964 0.265815
f 893/2573/377 894/2574/377 895/2575/377 896/2576/377 897/2577/377 898/2578/377 899/2579/377 

vt 0.116075 33.0376
vn 0.984189 -0.177084 0.0037119
v 9882.29 -33842.7 4932.1
vt 0.0474101 -0.00442328
v 9838.99 -33686.7 4932.1
vt 0.437905 -0.00442328
vn 0.752081 0.65906 0.0037847
vt 0.362087 33.0376
f 893/2580/383 900/2581/383 901/2582/384 894/2583/384 

v 9787.34 -33973.8 4932.1
vt 0.440474 -0.00259792
vn 0.475182 -0.879879 0.0037847
vt 0.83097 -0.00259792
vt 0.762305 33.0394
vt 0.516293 33.0394
f 902/2584/385 900/2585/383 893/2586/383 899/2587/385 

vt 0.745322 -0.000138961
vt 0.681118 33.0419
vt 0.435106 33.0419
vn -0.391646 -0.920108 0.0039483
v 9625.64 -33981.3 4932.1
vt 0.354827 -0.000138961
f 902/2588/385 899/2589/385 898/2590/386 903/2591/386 

vt 0.245457 0.00121191
vt 0.179661 33.0432
vt -0.0663506 33.0432
vn -0.963556 -0.267477 0.00407949
v 9518.96 -33859.5 4932.1
vt -0.145038 0.00121191
f 903/2592/386 898/2593/386 897/2594/387 904/2595/387 

vt -0.292216 0.000227618
vt -0.364458 33.0423
vt -0.61047 33.0423
vn -0.809889 0.58657 0.00407949
v 9547.63 -33700.2 4932.1
vt -0.682712 0.000227618
f 904/2596/387 897/2597/387 896/2598/388 905/2599/388 

vt -0.46282 -0.00236721
vt -0.541507 33.0397
vt -0.787519 33.0397
vn -0.0463587 0.998917 0.0039483
v 9690.05 -33623.3 4932.1
vt -0.853315 -0.00236721
f 905/2600/388 896/2601/388 895/2602/389 906/2603/389 

vt -0.137885 -0.00440141
vt -0.218164 33.0376
vt -0.464176 33.0376
vt -0.52838 -0.00440141
f 906/2604/389 895/2605/389 894/2606/384 901/2607/384 

g Mesh20 brace_small1 Electrical_Subtransmission5_1 Group3 Group2 Group1 Model

usemtl _CoolGray5_
v 9700.9 -33929.5 14673.3
vt 29.3414 2.51904
vn 0 -0.99863 0.052336
v 9119.92 -33906.2 15117.6
vt 2.43191 23.1253
v 9067.42 -33909.8 15049.1
vt 0 19.9494
v 9629.88 -33932.3 14619
vt 26.0518 0
v 9771.92 -33932.3 14619
vt 32.631 0
v 10334.4 -33909.8 15049.1
vt 58.6829 19.9494
v 10281.9 -33906.2 15117.6
vt 56.251 23.1253
f 907/2608/390 908/2609/390 909/2610/390 910/2611/390 911/2612/390 912/2613/390 913/2614/390 

g Mesh21 G_6_1_2 Electrical_Subtransmission5_1 Group3 Group2 Group1 Model

usemtl Asphalt_Painted_White
v 8347.58 -33558.3 15158.4
v 8347.58 -33687.9 15158.4
v 11054.2 -33687.9 15158.4
v 11054.2 -33558.3 15158.4
f 914/2563/377 915/2564/377 916/2565/377 917/2566/377 

v 8347.58 -33558.3 15028.9
v 8347.58 -33687.9 15028.9
f 914/2567/378 918/2568/378 919/2564/378 915/2563/378 

v 11054.2 -33558.3 15028.9
f 918/2564/379 914/2563/379 917/2569/379 920/2570/379 

v 11054.2 -33687.9 15028.9
f 920/2571/380 917/2572/380 916/2563/380 921/2564/380 

f 915/2563/381 919/2564/381 921/2565/381 916/2566/381 

f 919/2564/382 918/2563/382 920/2569/382 921/2570/382 

g Mesh22 brace_small2 Electrical_Subtransmission5_1 Group3 Group2 Group1 Model

usemtl _CoolGray5_
v 9720.78 -33706.5 14673.3
v 9139.8 -33683.2 15117.6
v 9087.3 -33686.8 15049.1
v 9649.76 -33709.3 14619
v 9791.8 -33709.3 14619
v 10354.3 -33686.8 15049.1
v 10301.8 -33683.2 15117.6
f 922/2608/390 923/2609/390 924/2610/390 925/2611/390 926/2612/390 927/2613/390 928/2614/390 

g Mesh23 G_6_1_3 Electrical_Subtransmission5_1 Group3 Group2 Group1 Model

usemtl Asphalt_Painted_White
v 8343.5 -33925.5 13736.1
v 8343.5 -34055 13736.1
v 11050.1 -34055 13736.1
v 11050.1 -33925.5 13736.1
f 929/2563/377 930/2564/377 931/2565/377 932/2566/377 

v 8343.5 -33925.5 13606.5
v 8343.5 -34055 13606.5
f 929/2567/378 933/2568/378 934/2564/378 930/2563/378 

v 11050.1 -33925.5 13606.5
f 933/2564/379 929/2563/379 932/2569/379 935/2570/379 

v 11050.1 -34055 13606.5
f 935/2571/380 932/2572/380 931/2563/380 936/2564/380 

f 930/2563/381 934/2564/381 936/2565/381 931/2566/381 

f 934/2564/382 933/2563/382 935/2569/382 936/2570/382 

g Mesh24 G_6_1_4 Electrical_Subtransmission5_1 Group3 Group2 Group1 Model

v 8367.28 -33552.8 13743.4
v 8367.28 -33682.3 13743.4
v 11073.9 -33682.3 13743.4
v 11073.9 -33552.8 13743.4
f 937/2563/377 938/2564/377 939/2565/377 940/2566/377 

v 8367.28 -33552.8 13613.9
v 8367.28 -33682.3 13613.9
f 937/2567/378 941/2568/378 942/2564/378 938/2563/378 

v 11073.9 -33552.8 13613.9
f 941/2564/379 937/2563/379 940/2569/379 943/2570/379 

v 11073.9 -33682.3 13613.9
f 943/2571/380 940/2572/380 939/2563/380 944/2564/380 

f 938/2563/381 942/2564/381 944/2565/381 939/2566/381 

f 942/2564/382 941/2563/382 943/2569/382 944/2570/382 

g Mesh25 brace_small3 Electrical_Subtransmission5_1 Group3 Group2 Group1 Model

usemtl _CoolGray5_
v 9720.78 -33706.5 13219.2
v 9139.8 -33683.2 13663.5
v 9087.3 -33686.8 13595
v 9649.76 -33709.3 13164.9
v 9791.8 -33709.3 13164.9
v 10354.3 -33686.8 13595
v 10301.8 -33683.2 13663.5
f 945/2608/390 946/2609/390 947/2610/390 948/2611/390 949/2612/390 950/2613/390 951/2614/390 

g Mesh26 brace_small4 Electrical_Subtransmission5_1 Group3 Group2 Group1 Model

v 9693.54 -33924.4 13202.2
v 9112.56 -33901.1 13646.4
v 9060.06 -33904.7 13578
v 9622.52 -33927.2 13147.9
v 9764.56 -33927.2 13147.9
v 10327 -33904.7 13578
v 10274.5 -33901.1 13646.4
f 952/2608/390 953/2609/390 954/2610/390 955/2611/390 956/2612/390 957/2613/390 958/2614/390 

g Mesh27 _1 Electrical_Subtransmission5_1 Group3 Group2 Group1 Model

usemtl _Gray3_
v 10899.2 -33625.2 14133
vt -5.10373 -3.2819
vn -2.49467e-13 0 1
v 10951.9 -33552.8 14133
vt -3.03079 -0.428735
v 10899.2 -33480.3 14133
vt -5.10373 2.42443
v 10814 -33508 14133
vt -8.45784 1.33462
v 10814 -33597.6 14133
vt -8.45784 -2.19209
f 959/2615/391 960/2616/391 961/2617/391 962/2618/391 963/2619/391 

g Mesh28 _1 Electrical_Subtransmission5_1 Group3 Group2 Group1 Model

v 10899.2 -33625.2 14203.1
v 10951.9 -33552.8 14203.1
v 10899.2 -33480.3 14203.1
v 10814 -33508 14203.1
v 10814 -33597.6 14203.1
f 964/2615/391 965/2616/391 966/2617/391 967/2618/391 968/2619/391 

g Mesh29 _1 Electrical_Subtransmission5_1 Group3 Group2 Group1 Model

v 10899.2 -33625.2 13922.9
v 10951.9 -33552.8 13922.9
v 10899.2 -33480.3 13922.9
v 10814 -33508 13922.9
v 10814 -33597.6 13922.9
f 969/2615/391 970/2616/391 971/2617/391 972/2618/391 973/2619/391 

g Mesh30 _1 Electrical_Subtransmission5_1 Group3 Group2 Group1 Model

v 10899.2 -33625.2 14343.2
v 10951.9 -33552.8 14343.2
v 10899.2 -33480.3 14343.2
v 10814 -33508 14343.2
v 10814 -33597.6 14343.2
f 974/2615/391 975/2616/391 976/2617/391 977/2618/391 978/2619/391 

g Mesh31 _1 Electrical_Subtransmission5_1 Group3 Group2 Group1 Model

v 10899.2 -33625.2 13992.9
v 10951.9 -33552.8 13992.9
v 10899.2 -33480.3 13992.9
v 10814 -33508 13992.9
v 10814 -33597.6 13992.9
f 979/2615/391 980/2616/391 981/2617/391 982/2618/391 983/2619/391 

g Mesh32 _1 Electrical_Subtransmission5_1 Group3 Group2 Group1 Model

usemtl FrontColor
v 10875.7 -33425.8 14448.3
vt 4.57127 427.638
vn 1 0 2.49467e-13
v 10875.7 -33425.8 14525.6
vt 4.57127 430.684
v 10875.7 -33679.8 14525.6
vt -5.42873 430.684
v 10875.7 -33679.8 14448.3
vt -5.42873 427.638
v 10875.7 -33552.8 14448.3
vt -0.428735 427.638
f 984/2620/392 985/2621/392 986/2622/392 987/2623/392 988/2624/392 

g Mesh33 _1 Electrical_Subtransmission5_1 Group3 Group2 Group1 Model

usemtl _Gray3_
v 10899.2 -33625.2 14273.1
v 10951.9 -33552.8 14273.1
v 10899.2 -33480.3 14273.1
v 10814 -33508 14273.1
v 10814 -33597.6 14273.1
f 989/2615/391 990/2616/391 991/2617/391 992/2618/391 993/2619/391 

g Mesh34 _1 Electrical_Subtransmission5_1 Group3 Group2 Group1 Model

v 10899.2 -33625.2 14063
v 10951.9 -33552.8 14063
v 10899.2 -33480.3 14063
v 10814 -33508 14063
v 10814 -33597.6 14063
f 994/2615/391 995/2616/391 996/2617/391 997/2618/391 998/2619/391 

g Mesh35 _2 Electrical_Subtransmission5_1 Group3 Group2 Group1 Model

v 10861.8 -34127.5 14125.7
v 10914.4 -34055 14125.7
v 10861.8 -33982.6 14125.7
v 10776.6 -34010.3 14125.7
v 10776.6 -34099.8 14125.7
f 999/2615/391 1000/2616/391 1001/2617/391 1002/2618/391 1003/2619/391 

g Mesh36 _2 Electrical_Subtransmission5_1 Group3 Group2 Group1 Model

v 10861.8 -34127.5 14195.7
v 10914.4 -34055 14195.7
v 10861.8 -33982.6 14195.7
v 10776.6 -34010.3 14195.7
v 10776.6 -34099.8 14195.7
f 1004/2615/391 1005/2616/391 1006/2617/391 1007/2618/391 1008/2619/391 

g Mesh37 _2 Electrical_Subtransmission5_1 Group3 Group2 Group1 Model

v 10861.8 -34127.5 13915.5
v 10914.4 -34055 13915.5
v 10861.8 -33982.6 13915.5
v 10776.6 -34010.3 13915.5
v 10776.6 -34099.8 13915.5
f 1009/2615/391 1010/2616/391 1011/2617/391 1012/2618/391 1013/2619/391 

g Mesh38 _2 Electrical_Subtransmission5_1 Group3 Group2 Group1 Model

v 10861.8 -34127.5 14335.8
v 10914.4 -34055 14335.8
v 10861.8 -33982.6 14335.8
v 10776.6 -34010.3 14335.8
v 10776.6 -34099.8 14335.8
f 1014/2615/391 1015/2616/391 1016/2617/391 1017/2618/391 1018/2619/391 

g Mesh39 _2 Electrical_Subtransmission5_1 Group3 Group2 Group1 Model

v 10861.8 -34127.5 13985.5
v 10914.4 -34055 13985.5
v 10861.8 -33982.6 13985.5
v 10776.6 -34010.3 13985.5
v 10776.6 -34099.8 13985.5
f 1019/2615/391 1020/2616/391 1021/2617/391 1022/2618/391 1023/2619/391 

g Mesh40 _2 Electrical_Subtransmission5_1 Group3 Group2 Group1 Model

usemtl FrontColor
v 10838.2 -33928 14440.9
v 10838.2 -33928 14518.3
v 10838.2 -34182 14518.3
v 10838.2 -34182 14440.9
v 10838.2 -34055 14440.9
f 1024/2620/392 1025/2621/392 1026/2622/392 1027/2623/392 1028/2624/392 

g Mesh41 _2 Electrical_Subtransmission5_1 Group3 Group2 Group1 Model

usemtl _Gray3_
v 10861.8 -34127.5 14265.8
v 10914.4 -34055 14265.8
v 10861.8 -33982.6 14265.8
v 10776.6 -34010.3 14265.8
v 10776.6 -34099.8 14265.8
f 1029/2615/391 1030/2616/391 1031/2617/391 1032/2618/391 1033/2619/391 

g Mesh42 _2 Electrical_Subtransmission5_1 Group3 Group2 Group1 Model

v 10861.8 -34127.5 14055.6
v 10914.4 -34055 14055.6
v 10861.8 -33982.6 14055.6
v 10776.6 -34010.3 14055.6
v 10776.6 -34099.8 14055.6
f 1034/2615/391 1035/2616/391 1036/2617/391 1037/2618/391 1038/2619/391 

g Mesh43 _3 Electrical_Subtransmission5_1 Group3 Group2 Group1 Model

v 8510.88 -33630.8 15548
v 8563.54 -33558.3 15548
v 8510.88 -33485.9 15548
v 8425.69 -33513.5 15548
v 8425.69 -33603.1 15548
f 1039/2615/391 1040/2616/391 1041/2617/391 1042/2618/391 1043/2619/391 

g Mesh44 _3 Electrical_Subtransmission5_1 Group3 Group2 Group1 Model

v 8510.88 -33630.8 15618.1
v 8563.54 -33558.3 15618.1
v 8510.88 -33485.9 15618.1
v 8425.69 -33513.5 15618.1
v 8425.69 -33603.1 15618.1
f 1044/2615/391 1045/2616/391 1046/2617/391 1047/2618/391 1048/2619/391 

g Mesh45 _3 Electrical_Subtransmission5_1 Group3 Group2 Group1 Model

v 8510.88 -33630.8 15337.9
v 8563.54 -33558.3 15337.9
v 8510.88 -33485.9 15337.9
v 8425.69 -33513.5 15337.9
v 8425.69 -33603.1 15337.9
f 1049/2615/391 1050/2616/391 1051/2617/391 1052/2618/391 1053/2619/391 

g Mesh46 _3 Electrical_Subtransmission5_1 Group3 Group2 Group1 Model

v 8510.88 -33630.8 15758.2
v 8563.54 -33558.3 15758.2
v 8510.88 -33485.9 15758.2
v 8425.69 -33513.5 15758.2
v 8425.69 -33603.1 15758.2
f 1054/2615/391 1055/2616/391 1056/2617/391 1057/2618/391 1058/2619/391 

g Mesh47 _3 Electrical_Subtransmission5_1 Group3 Group2 Group1 Model

v 8510.88 -33630.8 15407.9
v 8563.54 -33558.3 15407.9
v 8510.88 -33485.9 15407.9
v 8425.69 -33513.5 15407.9
v 8425.69 -33603.1 15407.9
f 1059/2615/391 1060/2616/391 1061/2617/391 1062/2618/391 1063/2619/391 

g Mesh48 _3 Electrical_Subtransmission5_1 Group3 Group2 Group1 Model

usemtl FrontColor
v 8487.34 -33431.3 15863.3
v 8487.34 -33431.3 15940.6
v 8487.34 -33685.3 15940.6
v 8487.34 -33685.3 15863.3
v 8487.34 -33558.3 15863.3
f 1064/2620/392 1065/2621/392 1066/2622/392 1067/2623/392 1068/2624/392 

g Mesh49 _3 Electrical_Subtransmission5_1 Group3 Group2 Group1 Model

usemtl _Gray3_
v 8510.88 -33630.8 15688.1
v 8563.54 -33558.3 15688.1
v 8510.88 -33485.9 15688.1
v 8425.69 -33513.5 15688.1
v 8425.69 -33603.1 15688.1
f 1069/2615/391 1070/2616/391 1071/2617/391 1072/2618/391 1073/2619/391 

g Mesh50 _3 Electrical_Subtransmission5_1 Group3 Group2 Group1 Model

v 8510.88 -33630.8 15478
v 8563.54 -33558.3 15478
v 8510.88 -33485.9 15478
v 8425.69 -33513.5 15478
v 8425.69 -33603.1 15478
f 1074/2615/391 1075/2616/391 1076/2617/391 1077/2618/391 1078/2619/391 

g Mesh51 _4 Electrical_Subtransmission5_1 Group3 Group2 Group1 Model

v 8556.67 -34119.1 15548
v 8609.32 -34046.6 15548
v 8556.67 -33974.1 15548
v 8471.47 -34001.8 15548
v 8471.47 -34091.4 15548
f 1079/2615/391 1080/2616/391 1081/2617/391 1082/2618/391 1083/2619/391 

g Mesh52 _4 Electrical_Subtransmission5_1 Group3 Group2 Group1 Model

v 8556.67 -34119.1 15618.1
v 8609.32 -34046.6 15618.1
v 8556.67 -33974.1 15618.1
v 8471.47 -34001.8 15618.1
v 8471.47 -34091.4 15618.1
f 1084/2615/391 1085/2616/391 1086/2617/391 1087/2618/391 1088/2619/391 

g Mesh53 _4 Electrical_Subtransmission5_1 Group3 Group2 Group1 Model

v 8556.67 -34119.1 15337.9
v 8609.32 -34046.6 15337.9
v 8556.67 -33974.1 15337.9
v 8471.47 -34001.8 15337.9
v 8471.47 -34091.4 15337.9
f 1089/2615/391 1090/2616/391 1091/2617/391 1092/2618/391 1093/2619/391 

g Mesh54 _4 Electrical_Subtransmission5_1 Group3 Group2 Group1 Model

v 8556.67 -34119.1 15758.2
v 8609.32 -34046.6 15758.2
v 8556.67 -33974.1 15758.2
v 8471.47 -34001.8 15758.2
v 8471.47 -34091.4 15758.2
f 1094/2615/391 1095/2616/391 1096/2617/391 1097/2618/391 1098/2619/391 

g Mesh55 _4 Electrical_Subtransmission5_1 Group3 Group2 Group1 Model

v 8556.67 -34119.1 15407.9
v 8609.32 -34046.6 15407.9
v 8556.67 -33974.1 15407.9
v 8471.47 -34001.8 15407.9
v 8471.47 -34091.4 15407.9
f 1099/2615/391 1100/2616/391 1101/2617/391 1102/2618/391 1103/2619/391 

g Mesh56 _4 Electrical_Subtransmission5_1 Group3 Group2 Group1 Model

usemtl FrontColor
v 8533.12 -33919.6 15863.3
v 8533.12 -33919.6 15940.6
v 8533.12 -34173.6 15940.6
v 8533.12 -34173.6 15863.3
v 8533.12 -34046.6 15863.3
f 1104/2620/392 1105/2621/392 1106/2622/392 1107/2623/392 1108/2624/392 

g Mesh57 _4 Electrical_Subtransmission5_1 Group3 Group2 Group1 Model

usemtl _Gray3_
v 8556.67 -34119.1 15688.1
v 8609.32 -34046.6 15688.1
v 8556.67 -33974.1 15688.1
v 8471.47 -34001.8 15688.1
v 8471.47 -34091.4 15688.1
f 1109/2615/391 1110/2616/391 1111/2617/391 1112/2618/391 1113/2619/391 

g Mesh58 _4 Electrical_Subtransmission5_1 Group3 Group2 Group1 Model

v 8556.67 -34119.1 15478
v 8609.32 -34046.6 15478
v 8556.67 -33974.1 15478
v 8471.47 -34001.8 15478
v 8471.47 -34091.4 15478
f 1114/2615/391 1115/2616/391 1116/2617/391 1117/2618/391 1118/2619/391 

g Mesh59 _5 Electrical_Subtransmission5_1 Group3 Group2 Group1 Model

v 10828.8 -33630.8 15548
v 10881.5 -33558.3 15548
v 10828.8 -33485.9 15548
v 10743.6 -33513.5 15548
v 10743.6 -33603.1 15548
f 1119/2615/391 1120/2616/391 1121/2617/391 1122/2618/391 1123/2619/391 

g Mesh60 _5 Electrical_Subtransmission5_1 Group3 Group2 Group1 Model

v 10828.8 -33630.8 15618.1
v 10881.5 -33558.3 15618.1
v 10828.8 -33485.9 15618.1
v 10743.6 -33513.5 15618.1
v 10743.6 -33603.1 15618.1
f 1124/2615/391 1125/2616/391 1126/2617/391 1127/2618/391 1128/2619/391 

g Mesh61 _5 Electrical_Subtransmission5_1 Group3 Group2 Group1 Model

v 10828.8 -33630.8 15337.9
v 10881.5 -33558.3 15337.9
v 10828.8 -33485.9 15337.9
v 10743.6 -33513.5 15337.9
v 10743.6 -33603.1 15337.9
f 1129/2615/391 1130/2616/391 1131/2617/391 1132/2618/391 1133/2619/391 

g Mesh62 _5 Electrical_Subtransmission5_1 Group3 Group2 Group1 Model

v 10828.8 -33630.8 15758.2
v 10881.5 -33558.3 15758.2
v 10828.8 -33485.9 15758.2
v 10743.6 -33513.5 15758.2
v 10743.6 -33603.1 15758.2
f 1134/2615/391 1135/2616/391 1136/2617/391 1137/2618/391 1138/2619/391 

g Mesh63 _5 Electrical_Subtransmission5_1 Group3 Group2 Group1 Model

v 10828.8 -33630.8 15407.9
v 10881.5 -33558.3 15407.9
v 10828.8 -33485.9 15407.9
v 10743.6 -33513.5 15407.9
v 10743.6 -33603.1 15407.9
f 1139/2615/391 1140/2616/391 1141/2617/391 1142/2618/391 1143/2619/391 

g Mesh64 _5 Electrical_Subtransmission5_1 Group3 Group2 Group1 Model

usemtl FrontColor
v 10805.3 -33431.3 15863.3
v 10805.3 -33431.3 15940.6
v 10805.3 -33685.3 15940.6
v 10805.3 -33685.3 15863.3
v 10805.3 -33558.3 15863.3
f 1144/2620/392 1145/2621/392 1146/2622/392 1147/2623/392 1148/2624/392 

g Mesh65 _5 Electrical_Subtransmission5_1 Group3 Group2 Group1 Model

usemtl _Gray3_
v 10828.8 -33630.8 15688.1
v 10881.5 -33558.3 15688.1
v 10828.8 -33485.9 15688.1
v 10743.6 -33513.5 15688.1
v 10743.6 -33603.1 15688.1
f 1149/2615/391 1150/2616/391 1151/2617/391 1152/2618/391 1153/2619/391 

g Mesh66 _5 Electrical_Subtransmission5_1 Group3 Group2 Group1 Model

v 10828.8 -33630.8 15478
v 10881.5 -33558.3 15478
v 10828.8 -33485.9 15478
v 10743.6 -33513.5 15478
v 10743.6 -33603.1 15478
f 1154/2615/391 1155/2616/391 1156/2617/391 1157/2618/391 1158/2619/391 

g Mesh67 _6 Electrical_Subtransmission5_1 Group3 Group2 Group1 Model

v 10855.7 -34119.1 15548
v 10908.4 -34046.6 15548
v 10855.7 -33974.1 15548
v 10770.5 -34001.8 15548
v 10770.5 -34091.4 15548
f 1159/2615/391 1160/2616/391 1161/2617/391 1162/2618/391 1163/2619/391 

g Mesh68 _6 Electrical_Subtransmission5_1 Group3 Group2 Group1 Model

v 10855.7 -34119.1 15618.1
v 10908.4 -34046.6 15618.1
v 10855.7 -33974.1 15618.1
v 10770.5 -34001.8 15618.1
v 10770.5 -34091.4 15618.1
f 1164/2615/391 1165/2616/391 1166/2617/391 1167/2618/391 1168/2619/391 

g Mesh69 _6 Electrical_Subtransmission5_1 Group3 Group2 Group1 Model

v 10855.7 -34119.1 15337.9
v 10908.4 -34046.6 15337.9
v 10855.7 -33974.1 15337.9
v 10770.5 -34001.8 15337.9
v 10770.5 -34091.4 15337.9
f 1169/2615/391 1170/2616/391 1171/2617/391 1172/2618/391 1173/2619/391 

g Mesh70 _6 Electrical_Subtransmission5_1 Group3 Group2 Group1 Model

v 10855.7 -34119.1 15758.2
v 10908.4 -34046.6 15758.2
v 10855.7 -33974.1 15758.2
v 10770.5 -34001.8 15758.2
v 10770.5 -34091.4 15758.2
f 1174/2615/391 1175/2616/391 1176/2617/391 1177/2618/391 1178/2619/391 

g Mesh71 _6 Electrical_Subtransmission5_1 Group3 Group2 Group1 Model

v 10855.7 -34119.1 15407.9
v 10908.4 -34046.6 15407.9
v 10855.7 -33974.1 15407.9
v 10770.5 -34001.8 15407.9
v 10770.5 -34091.4 15407.9
f 1179/2615/391 1180/2616/391 1181/2617/391 1182/2618/391 1183/2619/391 

g Mesh72 _6 Electrical_Subtransmission5_1 Group3 Group2 Group1 Model

usemtl FrontColor
v 10832.2 -33919.6 15863.3
v 10832.2 -33919.6 15940.6
v 10832.2 -34173.6 15940.6
v 10832.2 -34173.6 15863.3
v 10832.2 -34046.6 15863.3
f 1184/2620/392 1185/2621/392 1186/2622/392 1187/2623/392 1188/2624/392 

g Mesh73 _6 Electrical_Subtransmission5_1 Group3 Group2 Group1 Model

usemtl _Gray3_
v 10855.7 -34119.1 15688.1
v 10908.4 -34046.6 15688.1
v 10855.7 -33974.1 15688.1
v 10770.5 -34001.8 15688.1
v 10770.5 -34091.4 15688.1
f 1189/2615/391 1190/2616/391 1191/2617/391 1192/2618/391 1193/2619/391 

g Mesh74 _6 Electrical_Subtransmission5_1 Group3 Group2 Group1 Model

v 10855.7 -34119.1 15478
v 10908.4 -34046.6 15478
v 10855.7 -33974.1 15478
v 10770.5 -34001.8 15478
v 10770.5 -34091.4 15478
f 1194/2615/391 1195/2616/391 1196/2617/391 1197/2618/391 1198/2619/391 

g Mesh75 G_6_1_5 Electrical_Subtransmission5_2 Group3 Group2 Group1 Model

usemtl Asphalt_Painted_White
v 4819.02 -84050.4 15158.4
v 4819.02 -84179.9 15158.4
v 7525.67 -84179.9 15158.4
v 7525.67 -84050.4 15158.4
f 1199/2563/377 1200/2564/377 1201/2565/377 1202/2566/377 

v 4819.02 -84050.4 15028.9
v 4819.02 -84179.9 15028.9
f 1199/2567/378 1203/2568/378 1204/2564/378 1200/2563/378 

v 7525.67 -84050.4 15028.9
f 1203/2564/379 1199/2563/379 1202/2569/379 1205/2570/379 

v 7525.67 -84179.9 15028.9
f 1205/2571/380 1202/2572/380 1201/2563/380 1206/2564/380 

f 1200/2563/381 1204/2564/381 1206/2565/381 1201/2566/381 

f 1204/2564/382 1203/2563/382 1205/2569/382 1206/2570/382 

g Mesh76 pole2_2 Electrical_Subtransmission5_2 Group3 Group2 Group1 Model

v 6289.17 -83964.3 15547
v 6261.89 -83866.1 15547
v 6168.06 -83826.1 15547
v 6078.33 -83874.6 15547
v 6060.27 -83975 15547
v 6127.48 -84051.7 15547
v 6229.35 -84046.9 15547
f 1207/2573/377 1208/2574/377 1209/2575/377 1210/2576/377 1211/2577/377 1212/2578/377 1213/2579/377 

v 6353.74 -83976 4932.1
v 6310.44 -83820 4932.1
f 1207/2580/383 1214/2581/383 1215/2582/384 1208/2583/384 

v 6258.79 -84107.1 4932.1
f 1216/2584/385 1214/2585/383 1207/2586/383 1213/2587/385 

v 6097.09 -84114.6 4932.1
f 1216/2588/385 1213/2589/385 1212/2590/386 1217/2591/386 

v 5990.4 -83992.8 4932.1
f 1217/2592/386 1212/2593/386 1211/2594/387 1218/2595/387 

v 6019.07 -83833.5 4932.1
f 1218/2596/387 1211/2597/387 1210/2598/388 1219/2599/388 

v 6161.5 -83756.6 4932.1
f 1219/2600/388 1210/2601/388 1209/2602/389 1220/2603/389 

f 1220/2604/389 1209/2605/389 1208/2606/384 1215/2607/384 

g Mesh77 brace_small5 Electrical_Subtransmission5_2 Group3 Group2 Group1 Model

usemtl _CoolGray5_
v 6172.34 -84062.7 14673.3
v 5591.37 -84039.4 15117.6
v 5538.86 -84043 15049.1
v 6101.32 -84065.6 14619
v 6243.37 -84065.6 14619
v 6805.82 -84043 15049.1
v 6753.32 -84039.4 15117.6
f 1221/2608/390 1222/2609/390 1223/2610/390 1224/2611/390 1225/2612/390 1226/2613/390 1227/2614/390 

g Mesh78 G_6_1_6 Electrical_Subtransmission5_2 Group3 Group2 Group1 Model

usemtl Asphalt_Painted_White
v 4819.02 -83691.6 15158.4
v 4819.02 -83821.1 15158.4
v 7525.67 -83821.1 15158.4
v 7525.67 -83691.6 15158.4
f 1228/2563/377 1229/2564/377 1230/2565/377 1231/2566/377 

v 4819.02 -83691.6 15028.9
v 4819.02 -83821.1 15028.9
f 1228/2567/378 1232/2568/378 1233/2564/378 1229/2563/378 

v 7525.67 -83691.6 15028.9
f 1232/2564/379 1228/2563/379 1231/2569/379 1234/2570/379 

v 7525.67 -83821.1 15028.9
f 1234/2571/380 1231/2572/380 1230/2563/380 1235/2564/380 

f 1229/2563/381 1233/2564/381 1235/2565/381 1230/2566/381 

f 1233/2564/382 1232/2563/382 1234/2569/382 1235/2570/382 

g Mesh79 brace_small6 Electrical_Subtransmission5_2 Group3 Group2 Group1 Model

usemtl _CoolGray5_
v 6192.22 -83839.8 14673.3
v 5611.25 -83816.5 15117.6
v 5558.74 -83820.1 15049.1
v 6121.2 -83842.6 14619
v 6263.24 -83842.6 14619
v 6825.7 -83820.1 15049.1
v 6773.2 -83816.5 15117.6
f 1236/2608/390 1237/2609/390 1238/2610/390 1239/2611/390 1240/2612/390 1241/2613/390 1242/2614/390 

g Mesh80 G_6_1_7 Electrical_Subtransmission5_2 Group3 Group2 Group1 Model

usemtl Asphalt_Painted_White
v 4814.95 -84058.8 13736.1
v 4814.95 -84188.3 13736.1
v 7521.59 -84188.3 13736.1
v 7521.59 -84058.8 13736.1
f 1243/2563/377 1244/2564/377 1245/2565/377 1246/2566/377 

v 4814.95 -84058.8 13606.5
v 4814.95 -84188.3 13606.5
f 1243/2567/378 1247/2568/378 1248/2564/378 1244/2563/378 

v 7521.59 -84058.8 13606.5
f 1247/2564/379 1243/2563/379 1246/2569/379 1249/2570/379 

v 7521.59 -84188.3 13606.5
f 1249/2571/380 1246/2572/380 1245/2563/380 1250/2564/380 

f 1244/2563/381 1248/2564/381 1250/2565/381 1245/2566/381 

f 1248/2564/382 1247/2563/382 1249/2569/382 1250/2570/382 

g Mesh81 G_6_1_8 Electrical_Subtransmission5_2 Group3 Group2 Group1 Model

v 4838.73 -83686 13743.4
v 4838.73 -83815.6 13743.4
v 7545.37 -83815.6 13743.4
v 7545.37 -83686 13743.4
f 1251/2563/377 1252/2564/377 1253/2565/377 1254/2566/377 

v 4838.73 -83686 13613.9
v 4838.73 -83815.6 13613.9
f 1251/2567/378 1255/2568/378 1256/2564/378 1252/2563/378 

v 7545.37 -83686 13613.9
f 1255/2564/379 1251/2563/379 1254/2569/379 1257/2570/379 

v 7545.37 -83815.6 13613.9
f 1257/2571/380 1254/2572/380 1253/2563/380 1258/2564/380 

f 1252/2563/381 1256/2564/381 1258/2565/381 1253/2566/381 

f 1256/2564/382 1255/2563/382 1257/2569/382 1258/2570/382 

g Mesh82 brace_small7 Electrical_Subtransmission5_2 Group3 Group2 Group1 Model

usemtl _CoolGray5_
v 6192.22 -83839.8 13219.2
v 5611.25 -83816.5 13663.5
v 5558.74 -83820.1 13595
v 6121.2 -83842.6 13164.9
v 6263.24 -83842.6 13164.9
v 6825.7 -83820.1 13595
v 6773.2 -83816.5 13663.5
f 1259/2608/390 1260/2609/390 1261/2610/390 1262/2611/390 1263/2612/390 1264/2613/390 1265/2614/390 

g Mesh83 brace_small8 Electrical_Subtransmission5_2 Group3 Group2 Group1 Model

v 6164.98 -84057.7 13202.2
v 5584.01 -84034.4 13646.4
v 5531.5 -84038 13578
v 6093.96 -84060.5 13147.9
v 6236 -84060.5 13147.9
v 6798.46 -84038 13578
v 6745.96 -84034.4 13646.4
f 1266/2608/390 1267/2609/390 1268/2610/390 1269/2611/390 1270/2612/390 1271/2613/390 1272/2614/390 

g Mesh84 _7 Electrical_Subtransmission5_2 Group3 Group2 Group1 Model

usemtl _Gray3_
v 7370.64 -83758.5 14133
v 7423.3 -83686 14133
v 7370.64 -83613.6 14133
v 7285.45 -83641.3 14133
v 7285.45 -83730.8 14133
f 1273/2615/391 1274/2616/391 1275/2617/391 1276/2618/391 1277/2619/391 

g Mesh85 _7 Electrical_Subtransmission5_2 Group3 Group2 Group1 Model

v 7370.64 -83758.5 14203.1
v 7423.3 -83686 14203.1
v 7370.64 -83613.6 14203.1
v 7285.45 -83641.3 14203.1
v 7285.45 -83730.8 14203.1
f 1278/2615/391 1279/2616/391 1280/2617/391 1281/2618/391 1282/2619/391 

g Mesh86 _7 Electrical_Subtransmission5_2 Group3 Group2 Group1 Model

v 7370.64 -83758.5 13922.9
v 7423.3 -83686 13922.9
v 7370.64 -83613.6 13922.9
v 7285.45 -83641.3 13922.9
v 7285.45 -83730.8 13922.9
f 1283/2615/391 1284/2616/391 1285/2617/391 1286/2618/391 1287/2619/391 

g Mesh87 _7 Electrical_Subtransmission5_2 Group3 Group2 Group1 Model

v 7370.64 -83758.5 14343.2
v 7423.3 -83686 14343.2
v 7370.64 -83613.6 14343.2
v 7285.45 -83641.3 14343.2
v 7285.45 -83730.8 14343.2
f 1288/2615/391 1289/2616/391 1290/2617/391 1291/2618/391 1292/2619/391 

g Mesh88 _7 Electrical_Subtransmission5_2 Group3 Group2 Group1 Model

v 7370.64 -83758.5 13992.9
v 7423.3 -83686 13992.9
v 7370.64 -83613.6 13992.9
v 7285.45 -83641.3 13992.9
v 7285.45 -83730.8 13992.9
f 1293/2615/391 1294/2616/391 1295/2617/391 1296/2618/391 1297/2619/391 

g Mesh89 _7 Electrical_Subtransmission5_2 Group3 Group2 Group1 Model

usemtl FrontColor
v 7347.1 -83559 14448.3
v 7347.1 -83559 14525.6
v 7347.1 -83813 14525.6
v 7347.1 -83813 14448.3
v 7347.1 -83686 14448.3
f 1298/2620/392 1299/2621/392 1300/2622/392 1301/2623/392 1302/2624/392 

g Mesh90 _7 Electrical_Subtransmission5_2 Group3 Group2 Group1 Model

usemtl _Gray3_
v 7370.64 -83758.5 14273.1
v 7423.3 -83686 14273.1
v 7370.64 -83613.6 14273.1
v 7285.45 -83641.3 14273.1
v 7285.45 -83730.8 14273.1
f 1303/2615/391 1304/2616/391 1305/2617/391 1306/2618/391 1307/2619/391 

g Mesh91 _7 Electrical_Subtransmission5_2 Group3 Group2 Group1 Model

v 7370.64 -83758.5 14063
v 7423.3 -83686 14063
v 7370.64 -83613.6 14063
v 7285.45 -83641.3 14063
v 7285.45 -83730.8 14063
f 1308/2615/391 1309/2616/391 1310/2617/391 1311/2618/391 1312/2619/391 

g Mesh92 _8 Electrical_Subtransmission5_2 Group3 Group2 Group1 Model

v 7333.24 -84260.8 14125.7
v 7385.89 -84188.3 14125.7
v 7333.24 -84115.8 14125.7
v 7248.05 -84143.5 14125.7
v 7248.05 -84233.1 14125.7
f 1313/2615/391 1314/2616/391 1315/2617/391 1316/2618/391 1317/2619/391 

g Mesh93 _8 Electrical_Subtransmission5_2 Group3 Group2 Group1 Model

v 7333.24 -84260.8 14195.7
v 7385.89 -84188.3 14195.7
v 7333.24 -84115.8 14195.7
v 7248.05 -84143.5 14195.7
v 7248.05 -84233.1 14195.7
f 1318/2615/391 1319/2616/391 1320/2617/391 1321/2618/391 1322/2619/391 

g Mesh94 _8 Electrical_Subtransmission5_2 Group3 Group2 Group1 Model

v 7333.24 -84260.8 13915.5
v 7385.89 -84188.3 13915.5
v 7333.24 -84115.8 13915.5
v 7248.05 -84143.5 13915.5
v 7248.05 -84233.1 13915.5
f 1323/2615/391 1324/2616/391 1325/2617/391 1326/2618/391 1327/2619/391 

g Mesh95 _8 Electrical_Subtransmission5_2 Group3 Group2 Group1 Model

v 7333.24 -84260.8 14335.8
v 7385.89 -84188.3 14335.8
v 7333.24 -84115.8 14335.8
v 7248.05 -84143.5 14335.8
v 7248.05 -84233.1 14335.8
f 1328/2615/391 1329/2616/391 1330/2617/391 1331/2618/391 1332/2619/391 

g Mesh96 _8 Electrical_Subtransmission5_2 Group3 Group2 Group1 Model

v 7333.24 -84260.8 13985.5
v 7385.89 -84188.3 13985.5
v 7333.24 -84115.8 13985.5
v 7248.05 -84143.5 13985.5
v 7248.05 -84233.1 13985.5
f 1333/2615/391 1334/2616/391 1335/2617/391 1336/2618/391 1337/2619/391 

g Mesh97 _8 Electrical_Subtransmission5_2 Group3 Group2 Group1 Model

usemtl FrontColor
v 7309.69 -84061.3 14440.9
v 7309.69 -84061.3 14518.3
v 7309.69 -84315.3 14518.3
v 7309.69 -84315.3 14440.9
v 7309.69 -84188.3 14440.9
f 1338/2620/392 1339/2621/392 1340/2622/392 1341/2623/392 1342/2624/392 

g Mesh98 _8 Electrical_Subtransmission5_2 Group3 Group2 Group1 Model

usemtl _Gray3_
v 7333.24 -84260.8 14265.8
v 7385.89 -84188.3 14265.8
v 7333.24 -84115.8 14265.8
v 7248.05 -84143.5 14265.8
v 7248.05 -84233.1 14265.8
f 1343/2615/391 1344/2616/391 1345/2617/391 1346/2618/391 1347/2619/391 

g Mesh99 _8 Electrical_Subtransmission5_2 Group3 Group2 Group1 Model

v 7333.24 -84260.8 14055.6
v 7385.89 -84188.3 14055.6
v 7333.24 -84115.8 14055.6
v 7248.05 -84143.5 14055.6
v 7248.05 -84233.1 14055.6
f 1348/2615/391 1349/2616/391 1350/2617/391 1351/2618/391 1352/2619/391 

g Mesh100 _9 Electrical_Subtransmission5_2 Group3 Group2 Group1 Model

v 4982.33 -83764.1 15548
v 5034.98 -83691.6 15548
v 4982.33 -83619.1 15548
v 4897.13 -83646.8 15548
v 4897.13 -83736.4 15548
f 1353/2615/391 1354/2616/391 1355/2617/391 1356/2618/391 1357/2619/391 

g Mesh101 _9 Electrical_Subtransmission5_2 Group3 Group2 Group1 Model

v 4982.33 -83764.1 15618.1
v 5034.98 -83691.6 15618.1
v 4982.33 -83619.1 15618.1
v 4897.13 -83646.8 15618.1
v 4897.13 -83736.4 15618.1
f 1358/2615/391 1359/2616/391 1360/2617/391 1361/2618/391 1362/2619/391 

g Mesh102 _9 Electrical_Subtransmission5_2 Group3 Group2 Group1 Model

v 4982.33 -83764.1 15337.9
v 5034.98 -83691.6 15337.9
v 4982.33 -83619.1 15337.9
v 4897.13 -83646.8 15337.9
v 4897.13 -83736.4 15337.9
f 1363/2615/391 1364/2616/391 1365/2617/391 1366/2618/391 1367/2619/391 

g Mesh103 _9 Electrical_Subtransmission5_2 Group3 Group2 Group1 Model

v 4982.33 -83764.1 15758.2
v 5034.98 -83691.6 15758.2
v 4982.33 -83619.1 15758.2
v 4897.13 -83646.8 15758.2
v 4897.13 -83736.4 15758.2
f 1368/2615/391 1369/2616/391 1370/2617/391 1371/2618/391 1372/2619/391 

g Mesh104 _9 Electrical_Subtransmission5_2 Group3 Group2 Group1 Model

v 4982.33 -83764.1 15407.9
v 5034.98 -83691.6 15407.9
v 4982.33 -83619.1 15407.9
v 4897.13 -83646.8 15407.9
v 4897.13 -83736.4 15407.9
f 1373/2615/391 1374/2616/391 1375/2617/391 1376/2618/391 1377/2619/391 

g Mesh105 _9 Electrical_Subtransmission5_2 Group3 Group2 Group1 Model

usemtl FrontColor
v 4958.78 -83564.6 15863.3
v 4958.78 -83564.6 15940.6
v 4958.78 -83818.6 15940.6
v 4958.78 -83818.6 15863.3
v 4958.78 -83691.6 15863.3
f 1378/2620/392 1379/2621/392 1380/2622/392 1381/2623/392 1382/2624/392 

g Mesh106 _9 Electrical_Subtransmission5_2 Group3 Group2 Group1 Model

usemtl _Gray3_
v 4982.33 -83764.1 15688.1
v 5034.98 -83691.6 15688.1
v 4982.33 -83619.1 15688.1
v 4897.13 -83646.8 15688.1
v 4897.13 -83736.4 15688.1
f 1383/2615/391 1384/2616/391 1385/2617/391 1386/2618/391 1387/2619/391 

g Mesh107 _9 Electrical_Subtransmission5_2 Group3 Group2 Group1 Model

v 4982.33 -83764.1 15478
v 5034.98 -83691.6 15478
v 4982.33 -83619.1 15478
v 4897.13 -83646.8 15478
v 4897.13 -83736.4 15478
f 1388/2615/391 1389/2616/391 1390/2617/391 1391/2618/391 1392/2619/391 

g Mesh108 _10 Electrical_Subtransmission5_2 Group3 Group2 Group1 Model

v 5028.11 -84252.4 15548
v 5080.76 -84179.9 15548
v 5028.11 -84107.4 15548
v 4942.92 -84135.1 15548
v 4942.92 -84224.7 15548
f 1393/2615/391 1394/2616/391 1395/2617/391 1396/2618/391 1397/2619/391 

g Mesh109 _10 Electrical_Subtransmission5_2 Group3 Group2 Group1 Model

v 5028.11 -84252.4 15618.1
v 5080.76 -84179.9 15618.1
v 5028.11 -84107.4 15618.1
v 4942.92 -84135.1 15618.1
v 4942.92 -84224.7 15618.1
f 1398/2615/391 1399/2616/391 1400/2617/391 1401/2618/391 1402/2619/391 

g Mesh110 _10 Electrical_Subtransmission5_2 Group3 Group2 Group1 Model

v 5028.11 -84252.4 15337.9
v 5080.76 -84179.9 15337.9
v 5028.11 -84107.4 15337.9
v 4942.92 -84135.1 15337.9
v 4942.92 -84224.7 15337.9
f 1403/2615/391 1404/2616/391 1405/2617/391 1406/2618/391 1407/2619/391 

g Mesh111 _10 Electrical_Subtransmission5_2 Group3 Group2 Group1 Model

v 5028.11 -84252.4 15758.2
v 5080.76 -84179.9 15758.2
v 5028.11 -84107.4 15758.2
v 4942.92 -84135.1 15758.2
v 4942.92 -84224.7 15758.2
f 1408/2615/391 1409/2616/391 1410/2617/391 1411/2618/391 1412/2619/391 

g Mesh112 _10 Electrical_Subtransmission5_2 Group3 Group2 Group1 Model

v 5028.11 -84252.4 15407.9
v 5080.76 -84179.9 15407.9
v 5028.11 -84107.4 15407.9
v 4942.92 -84135.1 15407.9
v 4942.92 -84224.7 15407.9
f 1413/2615/391 1414/2616/391 1415/2617/391 1416/2618/391 1417/2619/391 

g Mesh113 _10 Electrical_Subtransmission5_2 Group3 Group2 Group1 Model

usemtl FrontColor
v 5004.56 -84052.9 15863.3
v 5004.56 -84052.9 15940.6
v 5004.56 -84306.9 15940.6
v 5004.56 -84306.9 15863.3
v 5004.56 -84179.9 15863.3
f 1418/2620/392 1419/2621/392 1420/2622/392 1421/2623/392 1422/2624/392 

g Mesh114 _10 Electrical_Subtransmission5_2 Group3 Group2 Group1 Model

usemtl _Gray3_
v 5028.11 -84252.4 15688.1
v 5080.76 -84179.9 15688.1
v 5028.11 -84107.4 15688.1
v 4942.92 -84135.1 15688.1
v 4942.92 -84224.7 15688.1
f 1423/2615/391 1424/2616/391 1425/2617/391 1426/2618/391 1427/2619/391 

g Mesh115 _10 Electrical_Subtransmission5_2 Group3 Group2 Group1 Model

v 5028.11 -84252.4 15478
v 5080.76 -84179.9 15478
v 5028.11 -84107.4 15478
v 4942.92 -84135.1 15478
v 4942.92 -84224.7 15478
f 1428/2615/391 1429/2616/391 1430/2617/391 1431/2618/391 1432/2619/391 

g Mesh116 _11 Electrical_Subtransmission5_2 Group3 Group2 Group1 Model

v 7300.25 -83764.1 15548
v 7352.9 -83691.6 15548
v 7300.25 -83619.1 15548
v 7215.05 -83646.8 15548
v 7215.05 -83736.4 15548
f 1433/2615/391 1434/2616/391 1435/2617/391 1436/2618/391 1437/2619/391 

g Mesh117 _11 Electrical_Subtransmission5_2 Group3 Group2 Group1 Model

v 7300.25 -83764.1 15618.1
v 7352.9 -83691.6 15618.1
v 7300.25 -83619.1 15618.1
v 7215.05 -83646.8 15618.1
v 7215.05 -83736.4 15618.1
f 1438/2615/391 1439/2616/391 1440/2617/391 1441/2618/391 1442/2619/391 

g Mesh118 _11 Electrical_Subtransmission5_2 Group3 Group2 Group1 Model

v 7300.25 -83764.1 15337.9
v 7352.9 -83691.6 15337.9
v 7300.25 -83619.1 15337.9
v 7215.05 -83646.8 15337.9
v 7215.05 -83736.4 15337.9
f 1443/2615/391 1444/2616/391 1445/2617/391 1446/2618/391 1447/2619/391 

g Mesh119 _11 Electrical_Subtransmission5_2 Group3 Group2 Group1 Model

v 7300.25 -83764.1 15758.2
v 7352.9 -83691.6 15758.2
v 7300.25 -83619.1 15758.2
v 7215.05 -83646.8 15758.2
v 7215.05 -83736.4 15758.2
f 1448/2615/391 1449/2616/391 1450/2617/391 1451/2618/391 1452/2619/391 

g Mesh120 _11 Electrical_Subtransmission5_2 Group3 Group2 Group1 Model

v 7300.25 -83764.1 15407.9
v 7352.9 -83691.6 15407.9
v 7300.25 -83619.1 15407.9
v 7215.05 -83646.8 15407.9
v 7215.05 -83736.4 15407.9
f 1453/2615/391 1454/2616/391 1455/2617/391 1456/2618/391 1457/2619/391 

g Mesh121 _11 Electrical_Subtransmission5_2 Group3 Group2 Group1 Model

usemtl FrontColor
v 7276.7 -83564.6 15863.3
v 7276.7 -83564.6 15940.6
v 7276.7 -83818.6 15940.6
v 7276.7 -83818.6 15863.3
v 7276.7 -83691.6 15863.3
f 1458/2620/392 1459/2621/392 1460/2622/392 1461/2623/392 1462/2624/392 

g Mesh122 _11 Electrical_Subtransmission5_2 Group3 Group2 Group1 Model

usemtl _Gray3_
v 7300.25 -83764.1 15688.1
v 7352.9 -83691.6 15688.1
v 7300.25 -83619.1 15688.1
v 7215.05 -83646.8 15688.1
v 7215.05 -83736.4 15688.1
f 1463/2615/391 1464/2616/391 1465/2617/391 1466/2618/391 1467/2619/391 

g Mesh123 _11 Electrical_Subtransmission5_2 Group3 Group2 Group1 Model

v 7300.25 -83764.1 15478
v 7352.9 -83691.6 15478
v 7300.25 -83619.1 15478
v 7215.05 -83646.8 15478
v 7215.05 -83736.4 15478
f 1468/2615/391 1469/2616/391 1470/2617/391 1471/2618/391 1472/2619/391 

g Mesh124 _12 Electrical_Subtransmission5_2 Group3 Group2 Group1 Model

v 7327.16 -84252.4 15548
v 7379.82 -84179.9 15548
v 7327.16 -84107.4 15548
v 7241.97 -84135.1 15548
v 7241.97 -84224.7 15548
f 1473/2615/391 1474/2616/391 1475/2617/391 1476/2618/391 1477/2619/391 

g Mesh125 _12 Electrical_Subtransmission5_2 Group3 Group2 Group1 Model

v 7327.16 -84252.4 15618.1
v 7379.82 -84179.9 15618.1
v 7327.16 -84107.4 15618.1
v 7241.97 -84135.1 15618.1
v 7241.97 -84224.7 15618.1
f 1478/2615/391 1479/2616/391 1480/2617/391 1481/2618/391 1482/2619/391 

g Mesh126 _12 Electrical_Subtransmission5_2 Group3 Group2 Group1 Model

v 7327.16 -84252.4 15337.9
v 7379.82 -84179.9 15337.9
v 7327.16 -84107.4 15337.9
v 7241.97 -84135.1 15337.9
v 7241.97 -84224.7 15337.9
f 1483/2615/391 1484/2616/391 1485/2617/391 1486/2618/391 1487/2619/391 

g Mesh127 _12 Electrical_Subtransmission5_2 Group3 Group2 Group1 Model

v 7327.16 -84252.4 15758.2
v 7379.82 -84179.9 15758.2
v 7327.16 -84107.4 15758.2
v 7241.97 -84135.1 15758.2
v 7241.97 -84224.7 15758.2
f 1488/2615/391 1489/2616/391 1490/2617/391 1491/2618/391 1492/2619/391 

g Mesh128 _12 Electrical_Subtransmission5_2 Group3 Group2 Group1 Model

v 7327.16 -84252.4 15407.9
v 7379.82 -84179.9 15407.9
v 7327.16 -84107.4 15407.9
v 7241.97 -84135.1 15407.9
v 7241.97 -84224.7 15407.9
f 1493/2615/391 1494/2616/391 1495/2617/391 1496/2618/391 1497/2619/391 

g Mesh129 _12 Electrical_Subtransmission5_2 Group3 Group2 Group1 Model

usemtl FrontColor
v 7303.62 -84052.9 15863.3
v 7303.62 -84052.9 15940.6
v 7303.62 -84306.9 15940.6
v 7303.62 -84306.9 15863.3
v 7303.62 -84179.9 15863.3
f 1498/2620/392 1499/2621/392 1500/2622/392 1501/2623/392 1502/2624/392 

g Mesh130 _12 Electrical_Subtransmission5_2 Group3 Group2 Group1 Model

usemtl _Gray3_
v 7327.16 -84252.4 15688.1
v 7379.82 -84179.9 15688.1
v 7327.16 -84107.4 15688.1
v 7241.97 -84135.1 15688.1
v 7241.97 -84224.7 15688.1
f 1503/2615/391 1504/2616/391 1505/2617/391 1506/2618/391 1507/2619/391 

g Mesh131 _12 Electrical_Subtransmission5_2 Group3 Group2 Group1 Model

v 7327.16 -84252.4 15478
v 7379.82 -84179.9 15478
v 7327.16 -84107.4 15478
v 7241.97 -84135.1 15478
v 7241.97 -84224.7 15478
f 1508/2615/391 1509/2616/391 1510/2617/391 1511/2618/391 1512/2619/391 

g Mesh132 G_6_1_9 Electrical_Subtransmission5_3 Group3 Group2 Group1 Model

usemtl Asphalt_Painted_White
v 19011.7 20984.1 15158.4
v 19011.7 20854.5 15158.4
v 21718.4 20854.5 15158.4
v 21718.4 20984.1 15158.4
f 1513/2563/377 1514/2564/377 1515/2565/377 1516/2566/377 

v 19011.7 20984.1 15028.9
v 19011.7 20854.5 15028.9
f 1513/2567/378 1517/2568/378 1518/2564/378 1514/2563/378 

v 21718.4 20984.1 15028.9
f 1517/2564/379 1513/2563/379 1516/2569/379 1519/2570/379 

v 21718.4 20854.5 15028.9
f 1519/2571/380 1516/2572/380 1515/2563/380 1520/2564/380 

f 1514/2563/381 1518/2564/381 1520/2565/381 1515/2566/381 

f 1518/2564/382 1517/2563/382 1519/2569/382 1520/2570/382 

g Mesh133 pole2_3 Electrical_Subtransmission5_3 Group3 Group2 Group1 Model

v 20481.9 21070.1 15547
v 20454.6 21168.4 15547
v 20360.8 21208.3 15547
v 20271.1 21159.8 15547
v 20253 21059.5 15547
v 20320.2 20982.8 15547
v 20422.1 20987.5 15547
f 1521/2573/377 1522/2574/377 1523/2575/377 1524/2576/377 1525/2577/377 1526/2578/377 1527/2579/377 

v 20546.5 21058.5 4932.1
v 20503.2 21214.5 4932.1
f 1521/2580/383 1528/2581/383 1529/2582/384 1522/2583/384 

v 20451.5 20927.4 4932.1
f 1530/2584/385 1528/2585/383 1521/2586/383 1527/2587/385 

v 20289.8 20919.9 4932.1
f 1530/2588/385 1527/2589/385 1526/2590/386 1531/2591/386 

v 20183.1 21041.6 4932.1
f 1531/2592/386 1526/2593/386 1525/2594/387 1532/2595/387 

v 20211.8 21200.9 4932.1
f 1532/2596/387 1525/2597/387 1524/2598/388 1533/2599/388 

v 20354.2 21277.9 4932.1
f 1533/2600/388 1524/2601/388 1523/2602/389 1534/2603/389 

f 1534/2604/389 1523/2605/389 1522/2606/384 1529/2607/384 

g Mesh134 brace_small9 Electrical_Subtransmission5_3 Group3 Group2 Group1 Model

usemtl _CoolGray5_
v 20365.1 20971.7 14673.3
v 19784.1 20995 15117.6
v 19731.6 20991.4 15049.1
v 20294.1 20968.9 14619
v 20436.1 20968.9 14619
v 20998.6 20991.4 15049.1
v 20946 20995 15117.6
f 1535/2608/390 1536/2609/390 1537/2610/390 1538/2611/390 1539/2612/390 1540/2613/390 1541/2614/390 

g Mesh135 G_6_1_10 Electrical_Subtransmission5_3 Group3 Group2 Group1 Model

usemtl Asphalt_Painted_White
v 19011.7 21342.8 15158.4
v 19011.7 21213.3 15158.4
v 21718.4 21213.3 15158.4
v 21718.4 21342.8 15158.4
f 1542/2563/377 1543/2564/377 1544/2565/377 1545/2566/377 

v 19011.7 21342.8 15028.9
v 19011.7 21213.3 15028.9
f 1542/2567/378 1546/2568/378 1547/2564/378 1543/2563/378 

v 21718.4 21342.8 15028.9
f 1546/2564/379 1542/2563/379 1545/2569/379 1548/2570/379 

v 21718.4 21213.3 15028.9
f 1548/2571/380 1545/2572/380 1544/2563/380 1549/2564/380 

f 1543/2563/381 1547/2564/381 1549/2565/381 1544/2566/381 

f 1547/2564/382 1546/2563/382 1548/2569/382 1549/2570/382 

g Mesh136 brace_small10 Electrical_Subtransmission5_3 Group3 Group2 Group1 Model

usemtl _CoolGray5_
v 20385 21194.7 14673.3
v 19804 21217.9 15117.6
v 19751.5 21214.4 15049.1
v 20313.9 21191.8 14619
v 20456 21191.8 14619
v 21018.4 21214.4 15049.1
v 20965.9 21217.9 15117.6
f 1550/2608/390 1551/2609/390 1552/2610/390 1553/2611/390 1554/2612/390 1555/2613/390 1556/2614/390 

g Mesh137 G_6_1_11 Electrical_Subtransmission5_3 Group3 Group2 Group1 Model

usemtl Asphalt_Painted_White
v 19007.7 20975.7 13736.1
v 19007.7 20846.1 13736.1
v 21714.3 20846.1 13736.1
v 21714.3 20975.7 13736.1
f 1557/2563/377 1558/2564/377 1559/2565/377 1560/2566/377 

v 19007.7 20975.7 13606.5
v 19007.7 20846.1 13606.5
f 1557/2567/378 1561/2568/378 1562/2564/378 1558/2563/378 

v 21714.3 20975.7 13606.5
f 1561/2564/379 1557/2563/379 1560/2569/379 1563/2570/379 

v 21714.3 20846.1 13606.5
f 1563/2571/380 1560/2572/380 1559/2563/380 1564/2564/380 

f 1558/2563/381 1562/2564/381 1564/2565/381 1559/2566/381 

f 1562/2564/382 1561/2563/382 1563/2569/382 1564/2570/382 

g Mesh138 G_6_1_12 Electrical_Subtransmission5_3 Group3 Group2 Group1 Model

v 19031.5 21348.4 13743.4
v 19031.5 21218.9 13743.4
v 21738.1 21218.9 13743.4
v 21738.1 21348.4 13743.4
f 1565/2563/377 1566/2564/377 1567/2565/377 1568/2566/377 

v 19031.5 21348.4 13613.9
v 19031.5 21218.9 13613.9
f 1565/2567/378 1569/2568/378 1570/2564/378 1566/2563/378 

v 21738.1 21348.4 13613.9
f 1569/2564/379 1565/2563/379 1568/2569/379 1571/2570/379 

v 21738.1 21218.9 13613.9
f 1571/2571/380 1568/2572/380 1567/2563/380 1572/2564/380 

f 1566/2563/381 1570/2564/381 1572/2565/381 1567/2566/381 

f 1570/2564/382 1569/2563/382 1571/2569/382 1572/2570/382 

g Mesh139 brace_small11 Electrical_Subtransmission5_3 Group3 Group2 Group1 Model

usemtl _CoolGray5_
v 20385 21194.7 13219.2
v 19804 21217.9 13663.5
v 19751.5 21214.4 13595
v 20313.9 21191.8 13164.9
v 20456 21191.8 13164.9
v 21018.4 21214.4 13595
v 20965.9 21217.9 13663.5
f 1573/2608/390 1574/2609/390 1575/2610/390 1576/2611/390 1577/2612/390 1578/2613/390 1579/2614/390 

g Mesh140 brace_small12 Electrical_Subtransmission5_3 Group3 Group2 Group1 Model

v 20357.7 20976.8 13202.2
v 19776.7 21000.1 13646.4
v 19724.2 20996.5 13578
v 20286.7 20973.9 13147.9
v 20428.7 20973.9 13147.9
v 20991.2 20996.5 13578
v 20938.7 21000.1 13646.4
f 1580/2608/390 1581/2609/390 1582/2610/390 1583/2611/390 1584/2612/390 1585/2613/390 1586/2614/390 

g Mesh141 _13 Electrical_Subtransmission5_3 Group3 Group2 Group1 Model

usemtl _Gray3_
v 21563.4 21275.9 14133
v 21616 21348.4 14133
v 21563.4 21420.9 14133
v 21478.2 21393.2 14133
v 21478.2 21303.6 14133
f 1587/2615/391 1588/2616/391 1589/2617/391 1590/2618/391 1591/2619/391 

g Mesh142 _13 Electrical_Subtransmission5_3 Group3 Group2 Group1 Model

v 21563.4 21275.9 14203.1
v 21616 21348.4 14203.1
v 21563.4 21420.9 14203.1
v 21478.2 21393.2 14203.1
v 21478.2 21303.6 14203.1
f 1592/2615/391 1593/2616/391 1594/2617/391 1595/2618/391 1596/2619/391 

g Mesh143 _13 Electrical_Subtransmission5_3 Group3 Group2 Group1 Model

v 21563.4 21275.9 13922.9
v 21616 21348.4 13922.9
v 21563.4 21420.9 13922.9
v 21478.2 21393.2 13922.9
v 21478.2 21303.6 13922.9
f 1597/2615/391 1598/2616/391 1599/2617/391 1600/2618/391 1601/2619/391 

g Mesh144 _13 Electrical_Subtransmission5_3 Group3 Group2 Group1 Model

v 21563.4 21275.9 14343.2
v 21616 21348.4 14343.2
v 21563.4 21420.9 14343.2
v 21478.2 21393.2 14343.2
v 21478.2 21303.6 14343.2
f 1602/2615/391 1603/2616/391 1604/2617/391 1605/2618/391 1606/2619/391 

g Mesh145 _13 Electrical_Subtransmission5_3 Group3 Group2 Group1 Model

v 21563.4 21275.9 13992.9
v 21616 21348.4 13992.9
v 21563.4 21420.9 13992.9
v 21478.2 21393.2 13992.9
v 21478.2 21303.6 13992.9
f 1607/2615/391 1608/2616/391 1609/2617/391 1610/2618/391 1611/2619/391 

g Mesh146 _13 Electrical_Subtransmission5_3 Group3 Group2 Group1 Model

usemtl FrontColor
v 21539.8 21475.4 14448.3
v 21539.8 21475.4 14525.6
v 21539.8 21221.4 14525.6
v 21539.8 21221.4 14448.3
v 21539.8 21348.4 14448.3
f 1612/2620/392 1613/2621/392 1614/2622/392 1615/2623/392 1616/2624/392 

g Mesh147 _13 Electrical_Subtransmission5_3 Group3 Group2 Group1 Model

usemtl _Gray3_
v 21563.4 21275.9 14273.1
v 21616 21348.4 14273.1
v 21563.4 21420.9 14273.1
v 21478.2 21393.2 14273.1
v 21478.2 21303.6 14273.1
f 1617/2615/391 1618/2616/391 1619/2617/391 1620/2618/391 1621/2619/391 

g Mesh148 _13 Electrical_Subtransmission5_3 Group3 Group2 Group1 Model

v 21563.4 21275.9 14063
v 21616 21348.4 14063
v 21563.4 21420.9 14063
v 21478.2 21393.2 14063
v 21478.2 21303.6 14063
f 1622/2615/391 1623/2616/391 1624/2617/391 1625/2618/391 1626/2619/391 

g Mesh149 _14 Electrical_Subtransmission5_3 Group3 Group2 Group1 Model

v 21526 20773.7 14125.7
v 21578.6 20846.1 14125.7
v 21526 20918.6 14125.7
v 21440.8 20890.9 14125.7
v 21440.8 20801.3 14125.7
f 1627/2615/391 1628/2616/391 1629/2617/391 1630/2618/391 1631/2619/391 

g Mesh150 _14 Electrical_Subtransmission5_3 Group3 Group2 Group1 Model

v 21526 20773.7 14195.7
v 21578.6 20846.1 14195.7
v 21526 20918.6 14195.7
v 21440.8 20890.9 14195.7
v 21440.8 20801.3 14195.7
f 1632/2615/391 1633/2616/391 1634/2617/391 1635/2618/391 1636/2619/391 

g Mesh151 _14 Electrical_Subtransmission5_3 Group3 Group2 Group1 Model

v 21526 20773.7 13915.5
v 21578.6 20846.1 13915.5
v 21526 20918.6 13915.5
v 21440.8 20890.9 13915.5
v 21440.8 20801.3 13915.5
f 1637/2615/391 1638/2616/391 1639/2617/391 1640/2618/391 1641/2619/391 

g Mesh152 _14 Electrical_Subtransmission5_3 Group3 Group2 Group1 Model

v 21526 20773.7 14335.8
v 21578.6 20846.1 14335.8
v 21526 20918.6 14335.8
v 21440.8 20890.9 14335.8
v 21440.8 20801.3 14335.8
f 1642/2615/391 1643/2616/391 1644/2617/391 1645/2618/391 1646/2619/391 

g Mesh153 _14 Electrical_Subtransmission5_3 Group3 Group2 Group1 Model

v 21526 20773.7 13985.5
v 21578.6 20846.1 13985.5
v 21526 20918.6 13985.5
v 21440.8 20890.9 13985.5
v 21440.8 20801.3 13985.5
f 1647/2615/391 1648/2616/391 1649/2617/391 1650/2618/391 1651/2619/391 

g Mesh154 _14 Electrical_Subtransmission5_3 Group3 Group2 Group1 Model

usemtl FrontColor
v 21502.4 20973.1 14440.9
v 21502.4 20973.1 14518.3
v 21502.4 20719.1 14518.3
v 21502.4 20719.1 14440.9
v 21502.4 20846.1 14440.9
f 1652/2620/392 1653/2621/392 1654/2622/392 1655/2623/392 1656/2624/392 

g Mesh155 _14 Electrical_Subtransmission5_3 Group3 Group2 Group1 Model

usemtl _Gray3_
v 21526 20773.7 14265.8
v 21578.6 20846.1 14265.8
v 21526 20918.6 14265.8
v 21440.8 20890.9 14265.8
v 21440.8 20801.3 14265.8
f 1657/2615/391 1658/2616/391 1659/2617/391 1660/2618/391 1661/2619/391 

g Mesh156 _14 Electrical_Subtransmission5_3 Group3 Group2 Group1 Model

v 21526 20773.7 14055.6
v 21578.6 20846.1 14055.6
v 21526 20918.6 14055.6
v 21440.8 20890.9 14055.6
v 21440.8 20801.3 14055.6
f 1662/2615/391 1663/2616/391 1664/2617/391 1665/2618/391 1666/2619/391 

g Mesh157 _15 Electrical_Subtransmission5_3 Group3 Group2 Group1 Model

v 19175.1 21270.4 15548
v 19227.7 21342.8 15548
v 19175.1 21415.3 15548
v 19089.9 21387.6 15548
v 19089.9 21298 15548
f 1667/2615/391 1668/2616/391 1669/2617/391 1670/2618/391 1671/2619/391 

g Mesh158 _15 Electrical_Subtransmission5_3 Group3 Group2 Group1 Model

v 19175.1 21270.4 15618.1
v 19227.7 21342.8 15618.1
v 19175.1 21415.3 15618.1
v 19089.9 21387.6 15618.1
v 19089.9 21298 15618.1
f 1672/2615/391 1673/2616/391 1674/2617/391 1675/2618/391 1676/2619/391 

g Mesh159 _15 Electrical_Subtransmission5_3 Group3 Group2 Group1 Model

v 19175.1 21270.4 15337.9
v 19227.7 21342.8 15337.9
v 19175.1 21415.3 15337.9
v 19089.9 21387.6 15337.9
v 19089.9 21298 15337.9
f 1677/2615/391 1678/2616/391 1679/2617/391 1680/2618/391 1681/2619/391 

g Mesh160 _15 Electrical_Subtransmission5_3 Group3 Group2 Group1 Model

v 19175.1 21270.4 15758.2
v 19227.7 21342.8 15758.2
v 19175.1 21415.3 15758.2
v 19089.9 21387.6 15758.2
v 19089.9 21298 15758.2
f 1682/2615/391 1683/2616/391 1684/2617/391 1685/2618/391 1686/2619/391 

g Mesh161 _15 Electrical_Subtransmission5_3 Group3 Group2 Group1 Model

v 19175.1 21270.4 15407.9
v 19227.7 21342.8 15407.9
v 19175.1 21415.3 15407.9
v 19089.9 21387.6 15407.9
v 19089.9 21298 15407.9
f 1687/2615/391 1688/2616/391 1689/2617/391 1690/2618/391 1691/2619/391 

g Mesh162 _15 Electrical_Subtransmission5_3 Group3 Group2 Group1 Model

usemtl FrontColor
v 19151.5 21469.8 15863.3
v 19151.5 21469.8 15940.6
v 19151.5 21215.8 15940.6
v 19151.5 21215.8 15863.3
v 19151.5 21342.8 15863.3
f 1692/2620/392 1693/2621/392 1694/2622/392 1695/2623/392 1696/2624/392 

g Mesh163 _15 Electrical_Subtransmission5_3 Group3 Group2 Group1 Model

usemtl _Gray3_
v 19175.1 21270.4 15688.1
v 19227.7 21342.8 15688.1
v 19175.1 21415.3 15688.1
v 19089.9 21387.6 15688.1
v 19089.9 21298 15688.1
f 1697/2615/391 1698/2616/391 1699/2617/391 1700/2618/391 1701/2619/391 

g Mesh164 _15 Electrical_Subtransmission5_3 Group3 Group2 Group1 Model

v 19175.1 21270.4 15478
v 19227.7 21342.8 15478
v 19175.1 21415.3 15478
v 19089.9 21387.6 15478
v 19089.9 21298 15478
f 1702/2615/391 1703/2616/391 1704/2617/391 1705/2618/391 1706/2619/391 

g Mesh165 _16 Electrical_Subtransmission5_3 Group3 Group2 Group1 Model

v 19220.8 20782.1 15548
v 19273.5 20854.5 15548
v 19220.8 20927 15548
v 19135.6 20899.3 15548
v 19135.6 20809.8 15548
f 1707/2615/391 1708/2616/391 1709/2617/391 1710/2618/391 1711/2619/391 

g Mesh166 _16 Electrical_Subtransmission5_3 Group3 Group2 Group1 Model

v 19220.8 20782.1 15618.1
v 19273.5 20854.5 15618.1
v 19220.8 20927 15618.1
v 19135.6 20899.3 15618.1
v 19135.6 20809.8 15618.1
f 1712/2615/391 1713/2616/391 1714/2617/391 1715/2618/391 1716/2619/391 

g Mesh167 _16 Electrical_Subtransmission5_3 Group3 Group2 Group1 Model

v 19220.8 20782.1 15337.9
v 19273.5 20854.5 15337.9
v 19220.8 20927 15337.9
v 19135.6 20899.3 15337.9
v 19135.6 20809.8 15337.9
f 1717/2615/391 1718/2616/391 1719/2617/391 1720/2618/391 1721/2619/391 

g Mesh168 _16 Electrical_Subtransmission5_3 Group3 Group2 Group1 Model

v 19220.8 20782.1 15758.2
v 19273.5 20854.5 15758.2
v 19220.8 20927 15758.2
v 19135.6 20899.3 15758.2
v 19135.6 20809.8 15758.2
f 1722/2615/391 1723/2616/391 1724/2617/391 1725/2618/391 1726/2619/391 

g Mesh169 _16 Electrical_Subtransmission5_3 Group3 Group2 Group1 Model

v 19220.8 20782.1 15407.9
v 19273.5 20854.5 15407.9
v 19220.8 20927 15407.9
v 19135.6 20899.3 15407.9
v 19135.6 20809.8 15407.9
f 1727/2615/391 1728/2616/391 1729/2617/391 1730/2618/391 1731/2619/391 

g Mesh170 _16 Electrical_Subtransmission5_3 Group3 Group2 Group1 Model

usemtl FrontColor
v 19197.3 20981.5 15863.3
v 19197.3 20981.5 15940.6
v 19197.3 20727.5 15940.6
v 19197.3 20727.5 15863.3
v 19197.3 20854.5 15863.3
f 1732/2620/392 1733/2621/392 1734/2622/392 1735/2623/392 1736/2624/392 

g Mesh171 _16 Electrical_Subtransmission5_3 Group3 Group2 Group1 Model

usemtl _Gray3_
v 19220.8 20782.1 15688.1
v 19273.5 20854.5 15688.1
v 19220.8 20927 15688.1
v 19135.6 20899.3 15688.1
v 19135.6 20809.8 15688.1
f 1737/2615/391 1738/2616/391 1739/2617/391 1740/2618/391 1741/2619/391 

g Mesh172 _16 Electrical_Subtransmission5_3 Group3 Group2 Group1 Model

v 19220.8 20782.1 15478
v 19273.5 20854.5 15478
v 19220.8 20927 15478
v 19135.6 20899.3 15478
v 19135.6 20809.8 15478
f 1742/2615/391 1743/2616/391 1744/2617/391 1745/2618/391 1746/2619/391 

g Mesh173 _17 Electrical_Subtransmission5_3 Group3 Group2 Group1 Model

v 21493 21270.4 15548
v 21545.6 21342.8 15548
v 21493 21415.3 15548
v 21407.8 21387.6 15548
v 21407.8 21298 15548
f 1747/2615/391 1748/2616/391 1749/2617/391 1750/2618/391 1751/2619/391 

g Mesh174 _17 Electrical_Subtransmission5_3 Group3 Group2 Group1 Model

v 21493 21270.4 15618.1
v 21545.6 21342.8 15618.1
v 21493 21415.3 15618.1
v 21407.8 21387.6 15618.1
v 21407.8 21298 15618.1
f 1752/2615/391 1753/2616/391 1754/2617/391 1755/2618/391 1756/2619/391 

g Mesh175 _17 Electrical_Subtransmission5_3 Group3 Group2 Group1 Model

v 21493 21270.4 15337.9
v 21545.6 21342.8 15337.9
v 21493 21415.3 15337.9
v 21407.8 21387.6 15337.9
v 21407.8 21298 15337.9
f 1757/2615/391 1758/2616/391 1759/2617/391 1760/2618/391 1761/2619/391 

g Mesh176 _17 Electrical_Subtransmission5_3 Group3 Group2 Group1 Model

v 21493 21270.4 15758.2
v 21545.6 21342.8 15758.2
v 21493 21415.3 15758.2
v 21407.8 21387.6 15758.2
v 21407.8 21298 15758.2
f 1762/2615/391 1763/2616/391 1764/2617/391 1765/2618/391 1766/2619/391 

g Mesh177 _17 Electrical_Subtransmission5_3 Group3 Group2 Group1 Model

v 21493 21270.4 15407.9
v 21545.6 21342.8 15407.9
v 21493 21415.3 15407.9
v 21407.8 21387.6 15407.9
v 21407.8 21298 15407.9
f 1767/2615/391 1768/2616/391 1769/2617/391 1770/2618/391 1771/2619/391 

g Mesh178 _17 Electrical_Subtransmission5_3 Group3 Group2 Group1 Model

usemtl FrontColor
v 21469.4 21469.8 15863.3
v 21469.4 21469.8 15940.6
v 21469.4 21215.8 15940.6
v 21469.4 21215.8 15863.3
v 21469.4 21342.8 15863.3
f 1772/2620/392 1773/2621/392 1774/2622/392 1775/2623/392 1776/2624/392 

g Mesh179 _17 Electrical_Subtransmission5_3 Group3 Group2 Group1 Model

usemtl _Gray3_
v 21493 21270.4 15688.1
v 21545.6 21342.8 15688.1
v 21493 21415.3 15688.1
v 21407.8 21387.6 15688.1
v 21407.8 21298 15688.1
f 1777/2615/391 1778/2616/391 1779/2617/391 1780/2618/391 1781/2619/391 

g Mesh180 _17 Electrical_Subtransmission5_3 Group3 Group2 Group1 Model

v 21493 21270.4 15478
v 21545.6 21342.8 15478
v 21493 21415.3 15478
v 21407.8 21387.6 15478
v 21407.8 21298 15478
f 1782/2615/391 1783/2616/391 1784/2617/391 1785/2618/391 1786/2619/391 

g Mesh181 _18 Electrical_Subtransmission5_3 Group3 Group2 Group1 Model

v 21519.9 20782.1 15548
v 21572.5 20854.5 15548
v 21519.9 20927 15548
v 21434.7 20899.3 15548
v 21434.7 20809.8 15548
f 1787/2615/391 1788/2616/391 1789/2617/391 1790/2618/391 1791/2619/391 

g Mesh182 _18 Electrical_Subtransmission5_3 Group3 Group2 Group1 Model

v 21519.9 20782.1 15618.1
v 21572.5 20854.5 15618.1
v 21519.9 20927 15618.1
v 21434.7 20899.3 15618.1
v 21434.7 20809.8 15618.1
f 1792/2615/391 1793/2616/391 1794/2617/391 1795/2618/391 1796/2619/391 

g Mesh183 _18 Electrical_Subtransmission5_3 Group3 Group2 Group1 Model

v 21519.9 20782.1 15337.9
v 21572.5 20854.5 15337.9
v 21519.9 20927 15337.9
v 21434.7 20899.3 15337.9
v 21434.7 20809.8 15337.9
f 1797/2615/391 1798/2616/391 1799/2617/391 1800/2618/391 1801/2619/391 

g Mesh184 _18 Electrical_Subtransmission5_3 Group3 Group2 Group1 Model

v 21519.9 20782.1 15758.2
v 21572.5 20854.5 15758.2
v 21519.9 20927 15758.2
v 21434.7 20899.3 15758.2
v 21434.7 20809.8 15758.2
f 1802/2615/391 1803/2616/391 1804/2617/391 1805/2618/391 1806/2619/391 

g Mesh185 _18 Electrical_Subtransmission5_3 Group3 Group2 Group1 Model

v 21519.9 20782.1 15407.9
v 21572.5 20854.5 15407.9
v 21519.9 20927 15407.9
v 21434.7 20899.3 15407.9
v 21434.7 20809.8 15407.9
f 1807/2615/391 1808/2616/391 1809/2617/391 1810/2618/391 1811/2619/391 

g Mesh186 _18 Electrical_Subtransmission5_3 Group3 Group2 Group1 Model

usemtl FrontColor
v 21496.3 20981.5 15863.3
v 21496.3 20981.5 15940.6
v 21496.3 20727.5 15940.6
v 21496.3 20727.5 15863.3
v 21496.3 20854.5 15863.3
f 1812/2620/392 1813/2621/392 1814/2622/392 1815/2623/392 1816/2624/392 

g Mesh187 _18 Electrical_Subtransmission5_3 Group3 Group2 Group1 Model

usemtl _Gray3_
v 21519.9 20782.1 15688.1
v 21572.5 20854.5 15688.1
v 21519.9 20927 15688.1
v 21434.7 20899.3 15688.1
v 21434.7 20809.8 15688.1
f 1817/2615/391 1818/2616/391 1819/2617/391 1820/2618/391 1821/2619/391 

g Mesh188 _18 Electrical_Subtransmission5_3 Group3 Group2 Group1 Model

v 21519.9 20782.1 15478
v 21572.5 20854.5 15478
v 21519.9 20927 15478
v 21434.7 20899.3 15478
v 21434.7 20809.8 15478
f 1822/2615/391 1823/2616/391 1824/2617/391 1825/2618/391 1826/2619/391 

g Mesh189 G_6_1_13 Electrical_Subtransmission5_4 Group3 Group2 Group1 Model

usemtl Asphalt_Painted_White
v -15491.7 77610.1 15650.5
v -15491.7 77480.6 15650.5
v -12785 77480.6 15650.5
v -12785 77610.1 15650.5
f 1827/2563/377 1828/2564/377 1829/2565/377 1830/2566/377 

v -15491.7 77610.1 15520.9
v -15491.7 77480.6 15520.9
f 1827/2567/378 1831/2568/378 1832/2564/378 1828/2563/378 

v -12785 77610.1 15520.9
f 1831/2564/379 1827/2563/379 1830/2569/379 1833/2570/379 

v -12785 77480.6 15520.9
f 1833/2571/380 1830/2572/380 1829/2563/380 1834/2564/380 

f 1828/2563/381 1832/2564/381 1834/2565/381 1829/2566/381 

f 1832/2564/382 1831/2563/382 1833/2569/382 1834/2570/382 

g Mesh190 pole2_4 Electrical_Subtransmission5_4 Group3 Group2 Group1 Model

v -14021.5 77696.1 16039.1
v -14048.8 77794.4 16039.1
v -14142.6 77834.3 16039.1
v -14232.3 77785.9 16039.1
v -14250.4 77685.5 16039.1
v -14183.2 77608.8 16039.1
v -14081.3 77613.5 16039.1
f 1835/2573/377 1836/2574/377 1837/2575/377 1838/2576/377 1839/2577/377 1840/2578/377 1841/2579/377 

v -13956.9 77684.5 5424.14
v -14000.2 77840.5 5424.14
f 1835/2580/383 1842/2581/383 1843/2582/384 1836/2583/384 

v -14051.9 77553.4 5424.14
f 1844/2584/385 1842/2585/383 1835/2586/383 1841/2587/385 

v -14213.6 77545.9 5424.14
f 1844/2588/385 1841/2589/385 1840/2590/386 1845/2591/386 

v -14320.3 77667.7 5424.14
f 1845/2592/386 1840/2593/386 1839/2594/387 1846/2595/387 

v -14291.6 77827 5424.14
f 1846/2596/387 1839/2597/387 1838/2598/388 1847/2599/388 

v -14149.2 77903.9 5424.14
f 1847/2600/388 1838/2601/388 1837/2602/389 1848/2603/389 

f 1848/2604/389 1837/2605/389 1836/2606/384 1843/2607/384 

g Mesh191 brace_small13 Electrical_Subtransmission5_4 Group3 Group2 Group1 Model

usemtl _CoolGray5_
v -14138.3 77597.7 15165.4
v -14719.3 77621 15609.6
v -14771.8 77617.4 15541.2
v -14209.4 77594.9 15111
v -14067.3 77594.9 15111
v -13504.9 77617.4 15541.2
v -13557.4 77621 15609.6
f 1849/2608/390 1850/2609/390 1851/2610/390 1852/2611/390 1853/2612/390 1854/2613/390 1855/2614/390 

g Mesh192 G_6_1_14 Electrical_Subtransmission5_4 Group3 Group2 Group1 Model

usemtl Asphalt_Painted_White
v -15491.7 77968.9 15650.5
v -15491.7 77839.3 15650.5
v -12785 77839.3 15650.5
v -12785 77968.9 15650.5
f 1856/2563/377 1857/2564/377 1858/2565/377 1859/2566/377 

v -15491.7 77968.9 15520.9
v -15491.7 77839.3 15520.9
f 1856/2567/378 1860/2568/378 1861/2564/378 1857/2563/378 

v -12785 77968.9 15520.9
f 1860/2564/379 1856/2563/379 1859/2569/379 1862/2570/379 

v -12785 77839.3 15520.9
f 1862/2571/380 1859/2572/380 1858/2563/380 1863/2564/380 

f 1857/2563/381 1861/2564/381 1863/2565/381 1858/2566/381 

f 1861/2564/382 1860/2563/382 1862/2569/382 1863/2570/382 

g Mesh193 brace_small14 Electrical_Subtransmission5_4 Group3 Group2 Group1 Model

usemtl _CoolGray5_
v -14118.5 77820.7 15165.4
v -14699.4 77844 15609.6
v -14751.9 77840.4 15541.2
v -14189.5 77817.8 15111
v -14047.4 77817.8 15111
v -13485 77840.4 15541.2
v -13537.5 77844 15609.6
f 1864/2608/390 1865/2609/390 1866/2610/390 1867/2611/390 1868/2612/390 1869/2613/390 1870/2614/390 

g Mesh194 G_6_1_15 Electrical_Subtransmission5_4 Group3 Group2 Group1 Model

usemtl Asphalt_Painted_White
v -15495.7 77601.7 14228.1
v -15495.7 77472.1 14228.1
v -12789.1 77472.1 14228.1
v -12789.1 77601.7 14228.1
f 1871/2563/377 1872/2564/377 1873/2565/377 1874/2566/377 

v -15495.7 77601.7 14098.5
v -15495.7 77472.1 14098.5
f 1871/2567/378 1875/2568/378 1876/2564/378 1872/2563/378 

v -12789.1 77601.7 14098.5
f 1875/2564/379 1871/2563/379 1874/2569/379 1877/2570/379 

v -12789.1 77472.1 14098.5
f 1877/2571/380 1874/2572/380 1873/2563/380 1878/2564/380 

f 1872/2563/381 1876/2564/381 1878/2565/381 1873/2566/381 

f 1876/2564/382 1875/2563/382 1877/2569/382 1878/2570/382 

g Mesh195 G_6_1_16 Electrical_Subtransmission5_4 Group3 Group2 Group1 Model

v -15472 77974.4 14235.5
v -15472 77844.9 14235.5
v -12765.3 77844.9 14235.5
v -12765.3 77974.4 14235.5
f 1879/2563/377 1880/2564/377 1881/2565/377 1882/2566/377 

v -15472 77974.4 14105.9
v -15472 77844.9 14105.9
f 1879/2567/378 1883/2568/378 1884/2564/378 1880/2563/378 

v -12765.3 77974.4 14105.9
f 1883/2564/379 1879/2563/379 1882/2569/379 1885/2570/379 

v -12765.3 77844.9 14105.9
f 1885/2571/380 1882/2572/380 1881/2563/380 1886/2564/380 

f 1880/2563/381 1884/2564/381 1886/2565/381 1881/2566/381 

f 1884/2564/382 1883/2563/382 1885/2569/382 1886/2570/382 

g Mesh196 brace_small15 Electrical_Subtransmission5_4 Group3 Group2 Group1 Model

usemtl _CoolGray5_
v -14118.5 77820.7 13711.2
v -14699.4 77844 14155.5
v -14751.9 77840.4 14087
v -14189.5 77817.8 13656.9
v -14047.4 77817.8 13656.9
v -13485 77840.4 14087
v -13537.5 77844 14155.5
f 1887/2608/390 1888/2609/390 1889/2610/390 1890/2611/390 1891/2612/390 1892/2613/390 1893/2614/390 

g Mesh197 brace_small16 Electrical_Subtransmission5_4 Group3 Group2 Group1 Model

v -14145.7 77602.8 13694.2
v -14726.7 77626.1 14138.5
v -14779.2 77622.5 14070
v -14216.7 77599.9 13639.9
v -14074.7 77599.9 13639.9
v -13512.2 77622.5 14070
v -13564.7 77626.1 14138.5
f 1894/2608/390 1895/2609/390 1896/2610/390 1897/2611/390 1898/2612/390 1899/2613/390 1900/2614/390 

g Mesh198 _19 Electrical_Subtransmission5_4 Group3 Group2 Group1 Model

usemtl _Gray3_
v -12940 77902 14625.1
v -12887.4 77974.4 14625.1
v -12940 78046.9 14625.1
v -13025.2 78019.2 14625.1
v -13025.2 77929.6 14625.1
f 1901/2615/391 1902/2616/391 1903/2617/391 1904/2618/391 1905/2619/391 

g Mesh199 _19 Electrical_Subtransmission5_4 Group3 Group2 Group1 Model

v -12940 77902 14695.1
v -12887.4 77974.4 14695.1
v -12940 78046.9 14695.1
v -13025.2 78019.2 14695.1
v -13025.2 77929.6 14695.1
f 1906/2615/391 1907/2616/391 1908/2617/391 1909/2618/391 1910/2619/391 

g Mesh200 _19 Electrical_Subtransmission5_4 Group3 Group2 Group1 Model

v -12940 77902 14414.9
v -12887.4 77974.4 14414.9
v -12940 78046.9 14414.9
v -13025.2 78019.2 14414.9
v -13025.2 77929.6 14414.9
f 1911/2615/391 1912/2616/391 1913/2617/391 1914/2618/391 1915/2619/391 

g Mesh201 _19 Electrical_Subtransmission5_4 Group3 Group2 Group1 Model

v -12940 77902 14835.2
v -12887.4 77974.4 14835.2
v -12940 78046.9 14835.2
v -13025.2 78019.2 14835.2
v -13025.2 77929.6 14835.2
f 1916/2615/391 1917/2616/391 1918/2617/391 1919/2618/391 1920/2619/391 

g Mesh202 _19 Electrical_Subtransmission5_4 Group3 Group2 Group1 Model

v -12940 77902 14485
v -12887.4 77974.4 14485
v -12940 78046.9 14485
v -13025.2 78019.2 14485
v -13025.2 77929.6 14485
f 1921/2615/391 1922/2616/391 1923/2617/391 1924/2618/391 1925/2619/391 

g Mesh203 _19 Electrical_Subtransmission5_4 Group3 Group2 Group1 Model

usemtl FrontColor
v -12963.6 78101.4 14940.3
v -12963.6 78101.4 15017.7
v -12963.6 77847.4 15017.7
v -12963.6 77847.4 14940.3
v -12963.6 77974.4 14940.3
f 1926/2620/392 1927/2621/392 1928/2622/392 1929/2623/392 1930/2624/392 

g Mesh204 _19 Electrical_Subtransmission5_4 Group3 Group2 Group1 Model

usemtl _Gray3_
v -12940 77902 14765.2
v -12887.4 77974.4 14765.2
v -12940 78046.9 14765.2
v -13025.2 78019.2 14765.2
v -13025.2 77929.6 14765.2
f 1931/2615/391 1932/2616/391 1933/2617/391 1934/2618/391 1935/2619/391 

g Mesh205 _19 Electrical_Subtransmission5_4 Group3 Group2 Group1 Model

v -12940 77902 14555
v -12887.4 77974.4 14555
v -12940 78046.9 14555
v -13025.2 78019.2 14555
v -13025.2 77929.6 14555
f 1936/2615/391 1937/2616/391 1938/2617/391 1939/2618/391 1940/2619/391 

g Mesh206 _20 Electrical_Subtransmission5_4 Group3 Group2 Group1 Model

v -12977.4 77399.7 14617.7
v -12924.8 77472.1 14617.7
v -12977.4 77544.6 14617.7
v -13062.6 77516.9 14617.7
v -13062.6 77427.4 14617.7
f 1941/2615/391 1942/2616/391 1943/2617/391 1944/2618/391 1945/2619/391 

g Mesh207 _20 Electrical_Subtransmission5_4 Group3 Group2 Group1 Model

v -12977.4 77399.7 14687.7
v -12924.8 77472.1 14687.7
v -12977.4 77544.6 14687.7
v -13062.6 77516.9 14687.7
v -13062.6 77427.4 14687.7
f 1946/2615/391 1947/2616/391 1948/2617/391 1949/2618/391 1950/2619/391 

g Mesh208 _20 Electrical_Subtransmission5_4 Group3 Group2 Group1 Model

v -12977.4 77399.7 14407.5
v -12924.8 77472.1 14407.5
v -12977.4 77544.6 14407.5
v -13062.6 77516.9 14407.5
v -13062.6 77427.4 14407.5
f 1951/2615/391 1952/2616/391 1953/2617/391 1954/2618/391 1955/2619/391 

g Mesh209 _20 Electrical_Subtransmission5_4 Group3 Group2 Group1 Model

v -12977.4 77399.7 14827.9
v -12924.8 77472.1 14827.9
v -12977.4 77544.6 14827.9
v -13062.6 77516.9 14827.9
v -13062.6 77427.4 14827.9
f 1956/2615/391 1957/2616/391 1958/2617/391 1959/2618/391 1960/2619/391 

g Mesh210 _20 Electrical_Subtransmission5_4 Group3 Group2 Group1 Model

v -12977.4 77399.7 14477.6
v -12924.8 77472.1 14477.6
v -12977.4 77544.6 14477.6
v -13062.6 77516.9 14477.6
v -13062.6 77427.4 14477.6
f 1961/2615/391 1962/2616/391 1963/2617/391 1964/2618/391 1965/2619/391 

g Mesh211 _20 Electrical_Subtransmission5_4 Group3 Group2 Group1 Model

usemtl FrontColor
v -13001 77599.1 14932.9
v -13001 77599.1 15010.3
v -13001 77345.1 15010.3
v -13001 77345.1 14932.9
v -13001 77472.1 14932.9
f 1966/2620/392 1967/2621/392 1968/2622/392 1969/2623/392 1970/2624/392 

g Mesh212 _20 Electrical_Subtransmission5_4 Group3 Group2 Group1 Model

usemtl _Gray3_
v -12977.4 77399.7 14757.8
v -12924.8 77472.1 14757.8
v -12977.4 77544.6 14757.8
v -13062.6 77516.9 14757.8
v -13062.6 77427.4 14757.8
f 1971/2615/391 1972/2616/391 1973/2617/391 1974/2618/391 1975/2619/391 

g Mesh213 _20 Electrical_Subtransmission5_4 Group3 Group2 Group1 Model

v -12977.4 77399.7 14547.6
v -12924.8 77472.1 14547.6
v -12977.4 77544.6 14547.6
v -13062.6 77516.9 14547.6
v -13062.6 77427.4 14547.6
f 1976/2615/391 1977/2616/391 1978/2617/391 1979/2618/391 1980/2619/391 

g Mesh214 _21 Electrical_Subtransmission5_4 Group3 Group2 Group1 Model

v -15328.4 77896.4 16040.1
v -15275.7 77968.9 16040.1
v -15328.4 78041.3 16040.1
v -15413.5 78013.7 16040.1
v -15413.5 77924.1 16040.1
f 1981/2615/391 1982/2616/391 1983/2617/391 1984/2618/391 1985/2619/391 

g Mesh215 _21 Electrical_Subtransmission5_4 Group3 Group2 Group1 Model

v -15328.4 77896.4 16110.1
v -15275.7 77968.9 16110.1
v -15328.4 78041.3 16110.1
v -15413.5 78013.7 16110.1
v -15413.5 77924.1 16110.1
f 1986/2615/391 1987/2616/391 1988/2617/391 1989/2618/391 1990/2619/391 

g Mesh216 _21 Electrical_Subtransmission5_4 Group3 Group2 Group1 Model

v -15328.4 77896.4 15829.9
v -15275.7 77968.9 15829.9
v -15328.4 78041.3 15829.9
v -15413.5 78013.7 15829.9
v -15413.5 77924.1 15829.9
f 1991/2615/391 1992/2616/391 1993/2617/391 1994/2618/391 1995/2619/391 

g Mesh217 _21 Electrical_Subtransmission5_4 Group3 Group2 Group1 Model

v -15328.4 77896.4 16250.2
v -15275.7 77968.9 16250.2
v -15328.4 78041.3 16250.2
v -15413.5 78013.7 16250.2
v -15413.5 77924.1 16250.2
f 1996/2615/391 1997/2616/391 1998/2617/391 1999/2618/391 2000/2619/391 

g Mesh218 _21 Electrical_Subtransmission5_4 Group3 Group2 Group1 Model

v -15328.4 77896.4 15899.9
v -15275.7 77968.9 15899.9
v -15328.4 78041.3 15899.9
v -15413.5 78013.7 15899.9
v -15413.5 77924.1 15899.9
f 2001/2615/391 2002/2616/391 2003/2617/391 2004/2618/391 2005/2619/391 

g Mesh219 _21 Electrical_Subtransmission5_4 Group3 Group2 Group1 Model

usemtl FrontColor
v -15351.9 78095.9 16355.3
v -15351.9 78095.9 16432.7
v -15351.9 77841.9 16432.7
v -15351.9 77841.9 16355.3
v -15351.9 77968.9 16355.3
f 2006/2620/392 2007/2621/392 2008/2622/392 2009/2623/392 2010/2624/392 

g Mesh220 _21 Electrical_Subtransmission5_4 Group3 Group2 Group1 Model

usemtl _Gray3_
v -15328.4 77896.4 16180.2
v -15275.7 77968.9 16180.2
v -15328.4 78041.3 16180.2
v -15413.5 78013.7 16180.2
v -15413.5 77924.1 16180.2
f 2011/2615/391 2012/2616/391 2013/2617/391 2014/2618/391 2015/2619/391 

g Mesh221 _21 Electrical_Subtransmission5_4 Group3 Group2 Group1 Model

v -15328.4 77896.4 15970
v -15275.7 77968.9 15970
v -15328.4 78041.3 15970
v -15413.5 78013.7 15970
v -15413.5 77924.1 15970
f 2016/2615/391 2017/2616/391 2018/2617/391 2019/2618/391 2020/2619/391 

g Mesh222 _22 Electrical_Subtransmission5_4 Group3 Group2 Group1 Model

v -15282.6 77408.1 16040.1
v -15229.9 77480.6 16040.1
v -15282.6 77553 16040.1
v -15367.8 77525.4 16040.1
v -15367.8 77435.8 16040.1
f 2021/2615/391 2022/2616/391 2023/2617/391 2024/2618/391 2025/2619/391 

g Mesh223 _22 Electrical_Subtransmission5_4 Group3 Group2 Group1 Model

v -15282.6 77408.1 16110.1
v -15229.9 77480.6 16110.1
v -15282.6 77553 16110.1
v -15367.8 77525.4 16110.1
v -15367.8 77435.8 16110.1
f 2026/2615/391 2027/2616/391 2028/2617/391 2029/2618/391 2030/2619/391 

g Mesh224 _22 Electrical_Subtransmission5_4 Group3 Group2 Group1 Model

v -15282.6 77408.1 15829.9
v -15229.9 77480.6 15829.9
v -15282.6 77553 15829.9
v -15367.8 77525.4 15829.9
v -15367.8 77435.8 15829.9
f 2031/2615/391 2032/2616/391 2033/2617/391 2034/2618/391 2035/2619/391 

g Mesh225 _22 Electrical_Subtransmission5_4 Group3 Group2 Group1 Model

v -15282.6 77408.1 16250.2
v -15229.9 77480.6 16250.2
v -15282.6 77553 16250.2
v -15367.8 77525.4 16250.2
v -15367.8 77435.8 16250.2
f 2036/2615/391 2037/2616/391 2038/2617/391 2039/2618/391 2040/2619/391 

g Mesh226 _22 Electrical_Subtransmission5_4 Group3 Group2 Group1 Model

v -15282.6 77408.1 15899.9
v -15229.9 77480.6 15899.9
v -15282.6 77553 15899.9
v -15367.8 77525.4 15899.9
v -15367.8 77435.8 15899.9
f 2041/2615/391 2042/2616/391 2043/2617/391 2044/2618/391 2045/2619/391 

g Mesh227 _22 Electrical_Subtransmission5_4 Group3 Group2 Group1 Model

usemtl FrontColor
v -15306.1 77607.6 16355.3
v -15306.1 77607.6 16432.7
v -15306.1 77353.6 16432.7
v -15306.1 77353.6 16355.3
v -15306.1 77480.6 16355.3
f 2046/2620/392 2047/2621/392 2048/2622/392 2049/2623/392 2050/2624/392 

g Mesh228 _22 Electrical_Subtransmission5_4 Group3 Group2 Group1 Model

usemtl _Gray3_
v -15282.6 77408.1 16180.2
v -15229.9 77480.6 16180.2
v -15282.6 77553 16180.2
v -15367.8 77525.4 16180.2
v -15367.8 77435.8 16180.2
f 2051/2615/391 2052/2616/391 2053/2617/391 2054/2618/391 2055/2619/391 

g Mesh229 _22 Electrical_Subtransmission5_4 Group3 Group2 Group1 Model

v -15282.6 77408.1 15970
v -15229.9 77480.6 15970
v -15282.6 77553 15970
v -15367.8 77525.4 15970
v -15367.8 77435.8 15970
f 2056/2615/391 2057/2616/391 2058/2617/391 2059/2618/391 2060/2619/391 

g Mesh230 _23 Electrical_Subtransmission5_4 Group3 Group2 Group1 Model

v -13010.4 77896.4 16040.1
v -12957.8 77968.9 16040.1
v -13010.4 78041.3 16040.1
v -13095.6 78013.7 16040.1
v -13095.6 77924.1 16040.1
f 2061/2615/391 2062/2616/391 2063/2617/391 2064/2618/391 2065/2619/391 

g Mesh231 _23 Electrical_Subtransmission5_4 Group3 Group2 Group1 Model

v -13010.4 77896.4 16110.1
v -12957.8 77968.9 16110.1
v -13010.4 78041.3 16110.1
v -13095.6 78013.7 16110.1
v -13095.6 77924.1 16110.1
f 2066/2615/391 2067/2616/391 2068/2617/391 2069/2618/391 2070/2619/391 

g Mesh232 _23 Electrical_Subtransmission5_4 Group3 Group2 Group1 Model

v -13010.4 77896.4 15829.9
v -12957.8 77968.9 15829.9
v -13010.4 78041.3 15829.9
v -13095.6 78013.7 15829.9
v -13095.6 77924.1 15829.9
f 2071/2615/391 2072/2616/391 2073/2617/391 2074/2618/391 2075/2619/391 

g Mesh233 _23 Electrical_Subtransmission5_4 Group3 Group2 Group1 Model

v -13010.4 77896.4 16250.2
v -12957.8 77968.9 16250.2
v -13010.4 78041.3 16250.2
v -13095.6 78013.7 16250.2
v -13095.6 77924.1 16250.2
f 2076/2615/391 2077/2616/391 2078/2617/391 2079/2618/391 2080/2619/391 

g Mesh234 _23 Electrical_Subtransmission5_4 Group3 Group2 Group1 Model

v -13010.4 77896.4 15899.9
v -12957.8 77968.9 15899.9
v -13010.4 78041.3 15899.9
v -13095.6 78013.7 15899.9
v -13095.6 77924.1 15899.9
f 2081/2615/391 2082/2616/391 2083/2617/391 2084/2618/391 2085/2619/391 

g Mesh235 _23 Electrical_Subtransmission5_4 Group3 Group2 Group1 Model

usemtl FrontColor
v -13034 78095.9 16355.3
v -13034 78095.9 16432.7
v -13034 77841.9 16432.7
v -13034 77841.9 16355.3
v -13034 77968.9 16355.3
f 2086/2620/392 2087/2621/392 2088/2622/392 2089/2623/392 2090/2624/392 

g Mesh236 _23 Electrical_Subtransmission5_4 Group3 Group2 Group1 Model

usemtl _Gray3_
v -13010.4 77896.4 16180.2
v -12957.8 77968.9 16180.2
v -13010.4 78041.3 16180.2
v -13095.6 78013.7 16180.2
v -13095.6 77924.1 16180.2
f 2091/2615/391 2092/2616/391 2093/2617/391 2094/2618/391 2095/2619/391 

g Mesh237 _23 Electrical_Subtransmission5_4 Group3 Group2 Group1 Model

v -13010.4 77896.4 15970
v -12957.8 77968.9 15970
v -13010.4 78041.3 15970
v -13095.6 78013.7 15970
v -13095.6 77924.1 15970
f 2096/2615/391 2097/2616/391 2098/2617/391 2099/2618/391 2100/2619/391 

g Mesh238 _24 Electrical_Subtransmission5_4 Group3 Group2 Group1 Model

v -12983.5 77408.1 16040.1
v -12930.9 77480.6 16040.1
v -12983.5 77553 16040.1
v -13068.7 77525.4 16040.1
v -13068.7 77435.8 16040.1
f 2101/2615/391 2102/2616/391 2103/2617/391 2104/2618/391 2105/2619/391 

g Mesh239 _24 Electrical_Subtransmission5_4 Group3 Group2 Group1 Model

v -12983.5 77408.1 16110.1
v -12930.9 77480.6 16110.1
v -12983.5 77553 16110.1
v -13068.7 77525.4 16110.1
v -13068.7 77435.8 16110.1
f 2106/2615/391 2107/2616/391 2108/2617/391 2109/2618/391 2110/2619/391 

g Mesh240 _24 Electrical_Subtransmission5_4 Group3 Group2 Group1 Model

v -12983.5 77408.1 15829.9
v -12930.9 77480.6 15829.9
v -12983.5 77553 15829.9
v -13068.7 77525.4 15829.9
v -13068.7 77435.8 15829.9
f 2111/2615/391 2112/2616/391 2113/2617/391 2114/2618/391 2115/2619/391 

g Mesh241 _24 Electrical_Subtransmission5_4 Group3 Group2 Group1 Model

v -12983.5 77408.1 16250.2
v -12930.9 77480.6 16250.2
v -12983.5 77553 16250.2
v -13068.7 77525.4 16250.2
v -13068.7 77435.8 16250.2
f 2116/2615/391 2117/2616/391 2118/2617/391 2119/2618/391 2120/2619/391 

g Mesh242 _24 Electrical_Subtransmission5_4 Group3 Group2 Group1 Model

v -12983.5 77408.1 15899.9
v -12930.9 77480.6 15899.9
v -12983.5 77553 15899.9
v -13068.7 77525.4 15899.9
v -13068.7 77435.8 15899.9
f 2121/2615/391 2122/2616/391 2123/2617/391 2124/2618/391 2125/2619/391 

g Mesh243 _24 Electrical_Subtransmission5_4 Group3 Group2 Group1 Model

usemtl FrontColor
v -13007.1 77607.6 16355.3
v -13007.1 77607.6 16432.7
v -13007.1 77353.6 16432.7
v -13007.1 77353.6 16355.3
v -13007.1 77480.6 16355.3
f 2126/2620/392 2127/2621/392 2128/2622/392 2129/2623/392 2130/2624/392 

g Mesh244 _24 Electrical_Subtransmission5_4 Group3 Group2 Group1 Model

usemtl _Gray3_
v -12983.5 77408.1 16180.2
v -12930.9 77480.6 16180.2
v -12983.5 77553 16180.2
v -13068.7 77525.4 16180.2
v -13068.7 77435.8 16180.2
f 2131/2615/391 2132/2616/391 2133/2617/391 2134/2618/391 2135/2619/391 

g Mesh245 _24 Electrical_Subtransmission5_4 Group3 Group2 Group1 Model

v -12983.5 77408.1 15970
v -12930.9 77480.6 15970
v -12983.5 77553 15970
v -13068.7 77525.4 15970
v -13068.7 77435.8 15970
f 2136/2615/391 2137/2616/391 2138/2617/391 2139/2618/391 2140/2619/391 

